# Converted dog.obj - format v/vt/vn
mtllib dog.mtl
o dog
v -0.326901 1.015040 -1.437500
v -0.514191 1.396040 -1.275510
v -0.252200 1.339940 -1.257870
v -0.690445 1.015990 -1.428550
v -0.658354 0.904529 -1.543300
v -0.369687 0.904529 -1.543300
v -0.681300 0.758600 -1.562830
v -0.361016 0.758600 -1.562830
v -0.640487 0.248014 -1.439830
v -0.375007 0.248014 -1.439830
v -0.521323 0.001004 -1.284240
v -0.364410 0.001004 -1.255810
v -0.679617 0.001004 -1.255810
v -0.719554 0.279357 -1.248760
v -0.702502 0.728074 -1.382010
v -0.643671 0.587705 -1.130570
v -0.653056 0.317276 -1.049150
v -0.766964 0.151550 -1.023230
v -0.694408 0.157133 -0.889612
v -0.526308 0.175252 -0.843686
v -0.385294 0.317284 -1.049960
v -0.408300 0.157133 -0.881272
v -0.287865 0.151550 -1.006550
v -0.284948 0.251027 -1.250370
v -0.311679 0.727429 -1.381700
v -0.375007 0.248014 -1.439830
v -0.364410 0.001004 -1.255810
v -0.382732 0.748781 -1.003550
v -0.326901 1.015040 -1.437500
v -0.247557 1.070470 -0.888295
v -0.460738 0.906069 -0.691489
v -0.501383 1.002850 -0.570902
v -0.529490 1.099630 -0.473306
v -0.562662 1.275790 -0.321309
v -0.702996 1.506520 -0.354880
v -0.639167 1.603650 -0.227124
v -0.622026 1.944610 -0.238157
v -0.694332 1.865140 -0.579957
v -0.548489 2.103110 -0.583261
v -0.586486 1.996130 -0.959879
v -0.751478 1.495800 -0.999269
v -0.417775 1.923600 -1.256290
v -0.514191 1.396040 -1.275510
v -0.252200 1.339940 -1.257870
v -0.201090 1.962540 -1.364150
v -0.252200 1.339940 -1.257870
v -0.369687 0.904529 -1.543300
v -0.415112 0.587707 -1.130780
v -0.657648 0.748781 -1.003550
v -0.707725 0.933631 -0.774987
v -0.729656 0.992354 -1.043060
v -0.690445 1.015990 -1.428550
v -0.658354 0.904529 -1.543300
v -0.702502 0.728074 -1.382010
v -0.643671 0.587705 -1.130570
v -0.653056 0.317276 -1.049150
v -0.385294 0.317284 -1.049960
v -0.311679 0.727429 -1.381700
v -0.361016 0.758600 -1.562830
v -0.375007 0.248014 -1.439830
v -0.325510 2.229000 -0.997173
v -0.586486 1.996130 -0.959879
v -0.365336 2.275580 -0.617085
v -0.417775 1.923600 -1.256290
v -0.223824 2.185040 -1.228150
v -0.201090 1.962540 -1.364150
v 0.000000 2.322680 -1.042490
v 0.000000 2.373570 -0.684858
v 0.000000 2.344510 -0.244026
v -0.374957 2.216080 -0.212383
v -0.423543 2.161840 0.221228
v 0.000000 2.302060 0.211904
v -0.622026 1.944610 -0.238157
v -0.548489 2.103110 -0.583261
v -0.751478 1.495800 -0.999269
v -0.783242 1.194390 -0.652438
v -0.760771 1.547820 -0.593117
v -0.694332 1.865140 -0.579957
v -0.702996 1.506520 -0.354880
v -0.529490 1.099630 -0.473306
v -0.501383 1.002850 -0.570902
v -0.751753 1.064010 -0.702217
v -0.707725 0.933631 -0.774987
v -0.460738 0.906069 -0.691489
v -0.681300 0.758600 -1.562830
v -0.719554 0.279357 -1.248760
v -0.679617 0.001004 -1.255810
v -0.766964 0.151550 -1.023230
v -0.380997 0.001002 -0.847835
v -0.408300 0.157133 -0.881272
v -0.526308 0.175252 -0.843686
v -0.287865 0.151550 -1.006550
v -0.291565 0.001004 -1.037150
v -0.527726 -0.050000 -1.068660
v -0.531596 0.001002 -0.807243
v -0.526308 0.175252 -0.843686
v -0.680778 0.001002 -0.847959
v -0.757364 0.001004 -1.039290
v -0.766964 0.151550 -1.023230
v -0.694408 0.157133 -0.889612
v -0.526308 0.175252 -0.843686
v -0.364410 0.001004 -1.255810
v -0.521323 0.001004 -1.284240
v -0.679617 0.001004 -1.255810
v 0.190182 2.108470 -1.959370
v 0.196544 2.115470 -1.688410
v 0.000000 1.929940 -1.975900
v 0.000000 2.306550 -1.958210
v 0.000000 2.306080 -1.679300
v 0.201969 2.114030 -1.473020
v 0.000000 2.308920 -1.369800
v 0.223824 2.185040 -1.228150
v 0.000000 2.322680 -1.042490
v 0.201090 1.962540 -1.364150
v 0.000000 1.877530 -1.500850
v 0.000000 1.906060 -1.692920
v 0.000000 1.949820 -2.250980
v 0.155930 2.115470 -2.249940
v 0.000000 2.008542 -2.487030
v 0.095549 2.135652 -2.513250
v 0.000000 2.146991 -2.687530
v 0.000000 2.217041 -2.520669
v 0.000000 2.282760 -2.250648
v -0.190182 2.108470 -1.959370
v 0.000000 1.929940 -1.975900
v -0.196544 2.115470 -1.688410
v 0.000000 2.306550 -1.958210
v 0.000000 2.306080 -1.679300
v -0.201969 2.114030 -1.473020
v 0.000000 2.308920 -1.369800
v -0.223824 2.185040 -1.228150
v 0.000000 2.322680 -1.042490
v -0.201090 1.962540 -1.364150
v 0.000000 1.877530 -1.500850
v 0.000000 1.906060 -1.692920
v 0.000000 1.949820 -2.250980
v -0.155930 2.115470 -2.249940
v 0.000000 2.008542 -2.487030
v -0.095549 2.135652 -2.513250
v 0.000000 2.146991 -2.687530
v 0.000000 2.217041 -2.520669
v 0.000000 2.282760 -2.250648
v 0.000000 1.850840 -1.384870
v 0.000000 1.850840 -1.384870
v 0.326901 1.015040 -1.437500
v 0.252200 1.339940 -1.257870
v 0.514191 1.396040 -1.275510
v 0.690445 1.015990 -1.428550
v 0.658354 0.904529 -1.543300
v 0.369687 0.904529 -1.543300
v 0.681300 0.758600 -1.562830
v 0.361016 0.758600 -1.562830
v 0.640487 0.248014 -1.439830
v 0.375007 0.248014 -1.439830
v 0.521323 0.001004 -1.284240
v 0.364410 0.001004 -1.255810
v 0.679617 0.001004 -1.255810
v 0.719554 0.279357 -1.248760
v 0.702502 0.728074 -1.382010
v 0.643671 0.587705 -1.130570
v 0.653056 0.317276 -1.049150
v 0.766964 0.151550 -1.023230
v 0.694408 0.157133 -0.889612
v 0.526308 0.175252 -0.843686
v 0.385294 0.317284 -1.049960
v 0.408300 0.157133 -0.881272
v 0.287865 0.151550 -1.006550
v 0.284948 0.251027 -1.250370
v 0.311679 0.727429 -1.381700
v 0.375007 0.248014 -1.439830
v 0.364410 0.001004 -1.255810
v 0.382732 0.748781 -1.003550
v 0.247557 1.070470 -0.888295
v 0.326901 1.015040 -1.437500
v 0.460738 0.906069 -0.691489
v 0.501383 1.002850 -0.570902
v 0.529490 1.099630 -0.473306
v 0.562662 1.275790 -0.321309
v 0.702996 1.506520 -0.354880
v 0.639167 1.603650 -0.227124
v 0.622026 1.944610 -0.238157
v 0.694332 1.865140 -0.579957
v 0.548489 2.103110 -0.583261
v 0.586486 1.996130 -0.959879
v 0.751478 1.495800 -0.999269
v 0.417775 1.923600 -1.256290
v 0.514191 1.396040 -1.275510
v 0.252200 1.339940 -1.257870
v 0.201090 1.962540 -1.364150
v 0.252200 1.339940 -1.257870
v 0.369687 0.904529 -1.543300
v 0.415112 0.587707 -1.130780
v 0.657648 0.748781 -1.003550
v 0.707725 0.933631 -0.774987
v 0.729656 0.992354 -1.043060
v 0.690445 1.015990 -1.428550
v 0.760771 1.547820 -0.593117
v 0.783242 1.194390 -0.652438
v 0.751753 1.064010 -0.702217
v 0.325510 2.229000 -0.997172
v 0.365336 2.275580 -0.617085
v 0.586486 1.996130 -0.959879
v 0.417775 1.923600 -1.256290
v 0.223824 2.185040 -1.228150
v 0.201090 1.962540 -1.364150
v 0.000000 2.322680 -1.042490
v 0.000000 2.373570 -0.684858
v 0.000000 2.344510 -0.244026
v 0.374957 2.216080 -0.212383
v 0.423543 2.161840 0.221228
v 0.000000 2.302060 0.211904
v 0.622026 1.944610 -0.238157
v 0.548489 2.103110 -0.583261
v 0.501383 1.002850 -0.570902
v 0.460738 0.906069 -0.691489
v 0.659009 1.308900 0.206285
v 0.639167 1.603650 -0.227124
v 0.656395 1.816980 0.222295
v 0.562662 1.275790 -0.321309
v 0.389989 1.002770 -0.392379
v 0.414773 0.936100 0.184412
v 0.000000 0.896383 -0.470137
v 0.247557 1.070470 -0.888295
v 0.000000 1.024980 -0.943287
v 0.252200 1.339940 -1.257870
v 0.000000 1.340140 -1.301550
v 0.000000 1.850840 -1.384870
v 0.201090 1.962540 -1.364150
v 0.627689 1.808110 0.703170
v 0.689716 1.372140 0.687974
v 0.335035 0.950707 0.739328
v 0.000000 0.790493 0.166654
v 0.000000 0.811830 0.747099
v 0.271994 1.072460 1.289610
v 0.000000 1.002010 1.370100
v -0.659009 1.308900 0.206285
v -0.656395 1.816980 0.222295
v -0.639167 1.603650 -0.227124
v -0.562662 1.275790 -0.321309
v -0.389989 1.002770 -0.392379
v -0.414773 0.936100 0.184412
v 0.000000 0.896383 -0.470137
v -0.247557 1.070470 -0.888295
v 0.000000 1.024980 -0.943287
v -0.252200 1.339940 -1.257870
v 0.000000 1.340140 -1.301550
v 0.000000 1.850840 -1.384870
v -0.201090 1.962540 -1.364150
v -0.622026 1.944610 -0.238157
v -0.423543 2.161840 0.221228
v -0.627689 1.808110 0.703170
v -0.689716 1.372140 0.687974
v -0.335035 0.950707 0.739328
v 0.000000 0.790493 0.166654
v 0.000000 0.811830 0.747099
v -0.271994 1.072460 1.289610
v 0.000000 1.002010 1.370100
v 0.247557 1.070470 -0.888295
v 0.562662 1.275790 -0.321309
v 0.389989 1.002770 -0.392379
v 0.658354 0.904529 -1.543300
v 0.702502 0.728074 -1.382010
v 0.681300 0.758600 -1.562830
v 0.690445 1.015990 -1.428550
v 0.657648 0.748781 -1.003550
v 0.643671 0.587705 -1.130570
v 0.415112 0.587707 -1.130780
v 0.653056 0.317276 -1.049150
v 0.385294 0.317284 -1.049960
v 0.311679 0.727429 -1.381700
v 0.369687 0.904529 -1.543300
v 0.361016 0.758600 -1.562830
v 0.375007 0.248014 -1.439830
v 0.719554 0.279357 -1.248760
v 0.766964 0.151550 -1.023230
v 0.679617 0.001004 -1.255810
v 0.380997 0.001002 -0.847835
v 0.526308 0.175252 -0.843686
v 0.408300 0.157133 -0.881272
v 0.287865 0.151550 -1.006550
v 0.291565 0.001004 -1.037150
v 0.527726 -0.050000 -1.068660
v 0.531596 0.001002 -0.807243
v 0.526308 0.175252 -0.843686
v 0.680778 0.001002 -0.847959
v 0.757364 0.001004 -1.039290
v 0.766964 0.151550 -1.023230
v 0.694408 0.157133 -0.889612
v 0.526308 0.175252 -0.843686
v 0.364410 0.001004 -1.255810
v 0.521323 0.001004 -1.284240
v 0.679617 0.001004 -1.255810
v 0.511057 0.895608 1.375700
v 0.271994 1.072460 1.289610
v 0.308429 0.595658 1.236490
v 0.514409 0.641048 1.397710
v 0.701739 0.594429 1.172020
v 0.734061 1.124780 1.102220
v 0.735535 1.047570 0.818468
v 0.751376 1.368310 0.742234
v 0.365514 0.964954 0.778143
v 0.335035 0.950707 0.739328
v 0.689716 1.372140 0.687974
v 0.627689 1.808110 0.703170
v 0.634878 1.843780 1.037370
v 0.704572 1.483360 1.090910
v 0.568764 1.715390 1.369120
v 0.516240 1.330210 1.377270
v 0.314135 1.556940 1.583540
v 0.372632 0.731911 0.876154
v 0.365514 0.964954 0.778143
v 0.335035 0.950707 0.739328
v 0.709373 0.745666 0.897197
v 0.690284 0.494175 0.983402
v 0.372632 0.731911 0.876154
v 0.365397 0.494360 0.958724
v 0.665680 0.232106 1.039000
v 0.700231 0.291390 1.267530
v 0.517121 0.315903 1.478190
v 0.691970 0.156653 1.557890
v 0.745649 0.100823 1.413230
v 0.678303 0.026262 1.210870
v 0.521203 0.030340 1.176320
v 0.378420 0.237184 1.033090
v 0.373314 0.026403 1.221300
v 0.365397 0.494360 0.958724
v 0.378420 0.237184 1.033090
v 0.308429 0.595658 1.236490
v 0.324377 0.299062 1.267870
v 0.373314 0.026403 1.221300
v 0.300661 0.026145 1.401480
v 0.375917 0.154831 1.570530
v 0.510888 0.513799 1.413770
v 0.514409 0.641048 1.397710
v 0.701739 0.594429 1.172020
v 0.524291 0.186118 1.623150
v 0.751376 1.368310 0.742234
v 0.734061 1.124780 1.102220
v 0.300661 0.026145 1.401480
v 0.315617 0.024857 1.494490
v 0.375917 0.154831 1.570530
v 0.368905 0.031298 1.553940
v 0.408385 0.025545 1.633130
v 0.474987 0.024174 1.667730
v 0.524291 0.186118 1.623150
v 0.536224 0.028462 1.656830
v 0.534758 -0.014417 1.396000
v 0.607929 0.023911 1.662700
v 0.659715 0.026509 1.621930
v 0.691970 0.156653 1.557890
v 0.750760 0.027550 1.405730
v 0.678303 0.026262 1.210870
v 0.745649 0.100823 1.413230
v 0.745811 0.026309 1.495450
v 0.693563 0.031622 1.547040
v 0.678303 0.026262 1.210870
v 0.521203 0.030340 1.176320
v 0.373314 0.026403 1.221300
v 0.300661 0.026145 1.401480
v -0.511057 0.895608 1.375700
v -0.308429 0.595658 1.236490
v -0.271994 1.072460 1.289610
v -0.514409 0.641048 1.397710
v -0.701739 0.594429 1.172020
v -0.734061 1.124780 1.102220
v -0.735535 1.047570 0.818468
v -0.751376 1.368310 0.742234
v -0.365514 0.964954 0.778143
v -0.335035 0.950707 0.739328
v -0.689716 1.372140 0.687974
v -0.627689 1.808110 0.703170
v -0.634878 1.843780 1.037370
v -0.704572 1.483360 1.090910
v -0.568764 1.715390 1.369120
v -0.516240 1.330210 1.377270
v -0.314135 1.556940 1.583540
v -0.372632 0.731911 0.876154
v -0.365397 0.494360 0.958724
v -0.378420 0.237184 1.033090
v -0.324377 0.299062 1.267870
v -0.373314 0.026403 1.221300
v -0.300661 0.026145 1.401480
v -0.375917 0.154831 1.570530
v -0.517121 0.315903 1.478190
v -0.510888 0.513799 1.413770
v -0.700231 0.291390 1.267530
v -0.665680 0.232106 1.039000
v -0.745649 0.100823 1.413230
v -0.691970 0.156653 1.557890
v -0.524291 0.186118 1.623150
v -0.709373 0.745666 0.897197
v -0.690284 0.494175 0.983402
v -0.372632 0.731911 0.876154
v -0.365397 0.494360 0.958724
v -0.521203 0.030340 1.176320
v -0.378420 0.237184 1.033090
v -0.678303 0.026262 1.210870
v -0.373314 0.026403 1.221300
v -0.335035 0.950707 0.739328
v -0.271994 1.072460 1.289610
v -0.365514 0.964954 0.778143
v -0.751376 1.368310 0.742234
v -0.734061 1.124780 1.102220
v -0.300661 0.026145 1.401480
v -0.375917 0.154831 1.570530
v -0.315617 0.024857 1.494490
v -0.368905 0.031298 1.553940
v -0.408385 0.025545 1.633130
v -0.474987 0.024174 1.667730
v -0.524291 0.186118 1.623150
v -0.536224 0.028462 1.656830
v -0.534758 -0.014417 1.396000
v -0.607929 0.023911 1.662700
v -0.659715 0.026509 1.621930
v -0.691970 0.156653 1.557890
v -0.750760 0.027550 1.405730
v -0.745649 0.100823 1.413230
v -0.678303 0.026262 1.210870
v -0.745811 0.026309 1.495450
v -0.693563 0.031622 1.547040
v -0.678303 0.026262 1.210870
v -0.521203 0.030340 1.176320
v -0.373314 0.026403 1.221300
v -0.300661 0.026145 1.401480
v 0.314135 1.556940 1.583540
v 0.000000 1.489410 1.678100
v 0.271994 1.072460 1.289610
v 0.000000 1.958910 1.801420
v 0.298197 1.948780 1.695530
v 0.483141 1.975310 1.455100
v 0.568764 1.715390 1.369120
v 0.516876 2.094240 1.132490
v 0.634878 1.843780 1.037370
v 0.374253 2.262480 0.807366
v 0.420948 2.176230 0.587155
v 0.000000 2.392530 0.756127
v 0.000000 2.329480 0.543751
v 0.423543 2.161840 0.221228
v 0.656395 1.816980 0.222295
v 0.627689 1.808110 0.703170
v 0.000000 1.002010 1.370100
v 0.000000 2.302060 0.211904
v -0.314135 1.556940 1.583540
v -0.271994 1.072460 1.289610
v 0.000000 1.489410 1.678100
v 0.000000 1.958910 1.801420
v -0.298197 1.948780 1.695530
v -0.483141 1.975310 1.455100
v -0.568764 1.715390 1.369120
v -0.516876 2.094240 1.132490
v -0.634878 1.843780 1.037370
v -0.374253 2.262480 0.807366
v -0.420948 2.176230 0.587155
v 0.000000 2.392530 0.756127
v 0.000000 2.329480 0.543751
v -0.423543 2.161840 0.221228
v -0.656395 1.816980 0.222295
v -0.627689 1.808110 0.703170
v 0.000000 1.002010 1.370100
v 0.000000 2.302060 0.211904
v 0.000000 2.587610 0.912296
v 0.331361 2.540570 1.000230
v 0.501521 2.352110 1.335660
v 0.483141 1.975310 1.455100
v 0.516876 2.094240 1.132490
v 0.436029 2.283560 1.651030
v 0.298197 1.948780 1.695530
v 0.270074 2.157570 1.930710
v 0.000000 2.082990 1.919070
v 0.000000 1.958910 1.801420
v 0.179783 2.131570 2.145540
v 0.000000 2.082450 2.132330
v 0.000000 2.134418 2.279800
v 0.111901 2.201869 2.334400
v 0.000000 2.218288 2.365021
v 0.113990 2.274590 2.327720
v 0.206622 2.219250 2.166960
v 0.315569 2.259190 1.939560
v 0.536007 2.676680 1.492070
v 0.470255 2.914800 1.246130
v 0.283615 2.845560 1.065930
v 0.267049 3.060390 1.186970
v 0.000000 2.888570 0.998698
v 0.000000 3.125510 1.152930
v 0.268539 3.180910 1.379120
v 0.000000 3.237390 1.369360
v 0.286687 3.221670 1.604962
v 0.464910 3.100550 1.410650
v 0.462765 3.096160 1.720691
v 0.288158 3.176840 1.859111
v 0.442164 2.999830 1.894001
v 0.284593 3.049740 2.041291
v 0.000000 3.097400 2.075090
v 0.000000 3.213370 1.896080
v 0.000000 3.275440 1.618991
v 0.513542 2.811930 1.831371
v 0.513202 2.911430 1.593771
v 0.506923 2.573040 1.755692
v 0.436029 2.283560 1.651030
v 0.501521 2.352110 1.335660
v 0.331361 2.540570 1.000230
v 0.000000 2.587610 0.912296
v 0.000000 2.392530 0.756127
v -0.374253 2.262480 0.807366
v -0.331361 2.540570 1.000230
v -0.516876 2.094240 1.132490
v -0.501521 2.352110 1.335660
v -0.483141 1.975310 1.455100
v -0.436029 2.283560 1.651030
v -0.298197 1.948780 1.695530
v -0.270074 2.157570 1.930710
v 0.000000 2.082990 1.919070
v 0.000000 1.958910 1.801420
v -0.179783 2.131570 2.145540
v 0.000000 2.082450 2.132330
v 0.000000 2.134418 2.279800
v -0.111901 2.201869 2.334400
v 0.000000 2.218288 2.365021
v -0.113990 2.274590 2.327720
v -0.206622 2.219250 2.166960
v -0.315569 2.259190 1.939560
v -0.183739 2.282670 2.169311
v -0.242113 2.264440 1.992860
v -0.288158 3.176840 1.859111
v -0.284593 3.049740 2.041291
v 0.000000 3.097400 2.075090
v 0.000000 3.213370 1.896080
v 0.000000 3.275440 1.618991
v -0.286687 3.221670 1.604962
v -0.462765 3.096160 1.720691
v -0.442164 2.999830 1.894001
v -0.513542 2.811930 1.831371
v -0.513202 2.911430 1.593771
v -0.536007 2.676680 1.492070
v -0.470255 2.914800 1.246130
v -0.283615 2.845560 1.065930
v -0.267049 3.060390 1.186970
v 0.000000 2.888570 0.998698
v -0.331361 2.540570 1.000230
v -0.501521 2.352110 1.335660
v 0.000000 2.587610 0.912296
v 0.000000 3.125510 1.152930
v -0.268539 3.180910 1.379120
v 0.000000 3.237390 1.369360
v -0.464910 3.100550 1.410650
v -0.436029 2.283560 1.651030
v -0.506923 2.573040 1.755692
v 0.000000 2.405240 2.101341
v 0.000000 2.284620 2.357810
v 0.113990 2.274590 2.327720
v 0.183739 2.282670 2.169311
v 0.242113 2.264440 1.992860
v 0.000000 2.291950 2.001901
v 0.113990 2.274590 2.327720
v 0.000000 2.284620 2.357810
v 0.000000 2.218288 2.365021
v 0.183739 2.282670 2.169311
v 0.206622 2.219250 2.166960
v 0.315569 2.259190 1.939560
v 0.242113 2.264440 1.992860
v 0.000000 2.405240 2.101341
v -0.113990 2.274590 2.327720
v 0.000000 2.284620 2.357810
v -0.183739 2.282670 2.169311
v -0.242113 2.264440 1.992860
v 0.000000 2.291950 2.001901
v -0.113990 2.274590 2.327720
v 0.000000 2.218288 2.365021
v 0.000000 2.284620 2.357810
v 0.193267 2.666080 2.148790
v 0.179696 2.713510 2.143101
v 0.145087 2.712250 2.180361
v 0.191934 2.639460 2.140730
v 0.169548 2.603199 2.280602
v 0.000000 2.697058 2.264390
v 0.000000 2.593220 2.380960
v 0.125137 2.484069 2.458631
v 0.231841 2.439878 2.330400
v 0.244239 2.600450 2.116831
v 0.257816 2.637670 2.126870
v 0.308062 2.649870 2.091830
v 0.330547 2.621610 2.065240
v 0.382115 2.698880 2.027122
v 0.447617 2.515229 1.934930
v 0.310822 2.453789 2.087770
v 0.377521 2.346120 1.947140
v 0.291122 2.267480 2.061600
v 0.262283 2.288548 2.283112
v 0.343429 2.712660 2.062391
v 0.411698 2.775440 2.024672
v 0.513542 2.811930 1.831371
v 0.506923 2.573040 1.755692
v 0.436029 2.283560 1.651030
v 0.315569 2.259190 1.939560
v 0.242113 2.264440 1.992860
v 0.191636 2.200418 2.209801
v 0.223078 2.222168 2.220681
v 0.109840 2.213000 2.378751
v 0.000000 2.239708 2.362911
v 0.000000 2.230768 2.416921
v 0.140656 2.339200 2.435641
v 0.000000 2.339159 2.522031
v 0.073368 2.417639 2.520621
v 0.000000 2.490418 2.543601
v 0.000000 2.547219 2.492341
v 0.319456 2.713550 2.083401
v 0.303273 2.667400 2.094831
v 0.262310 2.652030 2.118721
v 0.222299 2.645480 2.137960
v 0.191934 2.639460 2.140730
v 0.193267 2.666080 2.148790
v 0.230217 2.655370 2.130471
v 0.240778 2.718020 2.032901
v 0.304741 2.756030 2.112931
v 0.314426 2.778170 2.119911
v 0.332383 2.820790 2.122200
v 0.379434 2.894220 2.046131
v 0.442164 2.999830 1.894001
v 0.284593 3.049740 2.041291
v 0.272850 2.927390 2.140301
v 0.000000 2.909858 2.209321
v 0.185644 2.828879 2.195781
v 0.000000 2.784488 2.223901
v 0.152312 2.775970 2.178990
v 0.209574 2.809750 2.174001
v 0.257741 2.842840 2.163750
v 0.242907 2.804760 2.143291
v 0.192874 2.771380 2.156760
v 0.145087 2.712250 2.180361
v 0.179696 2.713510 2.143101
v 0.201109 2.762740 2.137002
v 0.198266 2.675370 2.139690
v 0.254934 2.782820 2.126860
v 0.000000 2.697058 2.264390
v 0.000000 3.097400 2.075090
v -0.145087 2.712250 2.180361
v 0.000000 2.697058 2.264390
v 0.000000 2.784488 2.223901
v -0.169548 2.603199 2.280602
v -0.191934 2.639460 2.140730
v -0.244239 2.600450 2.116831
v -0.231841 2.439878 2.330400
v -0.125137 2.484069 2.458631
v 0.000000 2.593220 2.380960
v 0.000000 2.547219 2.492341
v 0.000000 2.490418 2.543601
v -0.073711 2.417269 2.520360
v 0.000000 2.339159 2.522031
v -0.140656 2.339200 2.435641
v 0.000000 2.230768 2.416921
v -0.109840 2.213000 2.378751
v 0.000000 2.239708 2.362911
v -0.191636 2.200418 2.209801
v -0.223078 2.222168 2.220681
v -0.291122 2.267480 2.061600
v -0.242113 2.264440 1.992860
v -0.315569 2.259190 1.939560
v -0.377521 2.346120 1.947140
v -0.310822 2.453789 2.087770
v -0.262283 2.288548 2.283112
v -0.330547 2.621610 2.065240
v -0.447617 2.515229 1.934930
v -0.436029 2.283560 1.651030
v -0.506923 2.573040 1.755692
v -0.513542 2.811930 1.831371
v -0.382115 2.698880 2.027122
v -0.308062 2.649870 2.091831
v -0.257816 2.637670 2.126872
v -0.303273 2.667400 2.094831
v -0.319456 2.713550 2.083401
v -0.343429 2.712660 2.062391
v -0.411698 2.775440 2.024672
v -0.442164 2.999830 1.894001
v -0.379434 2.894220 2.046131
v -0.284593 3.049740 2.041291
v -0.272850 2.927390 2.140301
v 0.000000 2.909858 2.209321
v 0.000000 3.097400 2.075090
v -0.185644 2.828879 2.195781
v 0.000000 2.784488 2.223901
v -0.257741 2.842840 2.163751
v -0.209574 2.809750 2.174001
v -0.242907 2.804760 2.143291
v -0.192874 2.771380 2.156761
v -0.152312 2.775970 2.178990
v -0.145087 2.712250 2.180361
v -0.179696 2.713510 2.143101
v -0.201109 2.762740 2.137002
v -0.240778 2.718020 2.032901
v -0.198266 2.675370 2.139690
v -0.230217 2.655370 2.130471
v -0.262310 2.652030 2.118721
v -0.304741 2.756030 2.112931
v -0.314426 2.778170 2.119911
v -0.332383 2.820790 2.122200
v -0.254934 2.782820 2.126862
v -0.193267 2.666080 2.148790
v -0.191934 2.639460 2.140730
v -0.222299 2.645480 2.137961
v -0.244239 2.600450 2.116831
v -0.257816 2.637670 2.126872
v -0.303273 2.667400 2.094831
v 0.191636 2.200418 2.209801
v 0.000000 2.239708 2.362911
v 0.242113 2.264440 1.992860
v 0.000000 2.291950 2.001901
v -0.262283 2.288548 2.283112
v -0.291122 2.267480 2.061600
v -0.223078 2.222168 2.220681
v -0.109840 2.213000 2.378751
v -0.140656 2.339200 2.435641
v -0.231841 2.439878 2.330400
v -0.125137 2.484069 2.458631
v -0.073711 2.417269 2.520360
v -0.191636 2.200418 2.209801
v -0.242113 2.264440 1.992860
v 0.000000 2.239708 2.362911
v 0.000000 2.291950 2.001901
v 0.442164 2.999830 1.894001
v 0.502012 2.852860 1.883291
v 0.628025 2.937260 1.783731
v 0.462765 3.096160 1.720691
v 0.669678 2.971450 1.578401
v 0.464910 3.100550 1.410650
v 0.551728 3.006830 1.372661
v 0.470255 2.914800 1.246130
v 0.687323 2.823040 1.354411
v 0.589497 2.782600 1.224940
v 0.734653 2.631070 1.392442
v 0.643095 2.552650 1.322330
v 0.627896 2.374120 1.462430
v 0.674020 2.503510 1.546320
v 0.640248 2.299540 1.652500
v 0.578410 2.274710 1.637720
v 0.518556 2.366050 1.800920
v 0.658856 2.513470 1.741480
v 0.756149 2.746580 1.590261
v 0.669147 2.697370 1.780401
v 0.478653 2.601700 1.878672
v 0.470255 2.914800 1.246130
v 0.589497 2.782600 1.224940
v 0.513202 2.911430 1.593771
v 0.642880 2.729440 1.615752
v 0.643095 2.552650 1.322330
v 0.627896 2.374120 1.462430
v 0.578410 2.274710 1.637720
v 0.518556 2.366050 1.800920
v 0.478653 2.601700 1.878672
v 0.502012 2.852860 1.883291
v 0.442164 2.999830 1.894001
v -0.442164 2.999830 1.894001
v -0.628025 2.937259 1.783731
v -0.502012 2.852860 1.883291
v -0.462765 3.096160 1.720691
v -0.669678 2.971449 1.578400
v -0.464910 3.100550 1.410650
v -0.551728 3.006830 1.372661
v -0.470255 2.914800 1.246130
v -0.687323 2.823040 1.354411
v -0.589497 2.782599 1.224940
v -0.734653 2.631069 1.392440
v -0.643095 2.552650 1.322330
v -0.627896 2.374120 1.462430
v -0.674020 2.503510 1.546320
v -0.640248 2.299540 1.652500
v -0.578410 2.274710 1.637720
v -0.518556 2.366050 1.800920
v -0.658856 2.513470 1.741480
v -0.756149 2.746579 1.590261
v -0.669147 2.697370 1.780401
v -0.478653 2.601700 1.878672
v -0.470255 2.914800 1.246130
v -0.513202 2.911430 1.593771
v -0.589497 2.782599 1.224940
v -0.642880 2.729440 1.615752
v -0.643095 2.552650 1.322330
v -0.627896 2.374120 1.462430
v -0.578410 2.274710 1.637720
v -0.518556 2.366050 1.800920
v -0.478653 2.601700 1.878672
v -0.502012 2.852860 1.883291
v -0.442164 2.999830 1.894001
v 0.188137 2.610736 2.043510
v 0.202209 2.610736 2.059747
v 0.159251 2.626716 2.055723
v 0.220158 2.605230 2.029974
v 0.223137 2.610736 2.064610
v 0.186017 2.626716 2.086607
v 0.136327 2.651604 2.065413
v 0.173168 2.651604 2.107921
v 0.225825 2.626716 2.095857
v 0.242927 2.610736 2.056244
v 0.254020 2.610736 2.037845
v 0.263467 2.626716 2.079944
v 0.227957 2.651604 2.120655
v 0.164918 2.682966 2.121605
v 0.121608 2.682966 2.071636
v 0.116537 2.717730 2.073781
v 0.162076 2.717730 2.126320
v 0.229327 2.682966 2.136575
v 0.279768 2.651604 2.098752
v 0.284567 2.626716 2.044945
v 0.252178 2.610736 2.016438
v 0.281065 2.626716 2.004226
v 0.308809 2.651604 2.050579
v 0.290235 2.682966 2.110826
v 0.229800 2.717730 2.142061
v 0.164919 2.752494 2.121605
v 0.121609 2.752494 2.071636
v 0.136328 2.783856 2.065413
v 0.173169 2.783856 2.107920
v 0.229328 2.752494 2.136575
v 0.293841 2.717730 2.114987
v 0.324374 2.682966 2.054195
v 0.303989 2.651604 1.994535
v 0.318707 2.682966 1.988313
v 0.329737 2.717730 2.055441
v 0.290235 2.752494 2.110826
v 0.227958 2.783856 2.120655
v 0.186018 2.808744 2.086607
v 0.159252 2.808744 2.055723
v 0.188138 2.824724 2.043511
v 0.202210 2.824724 2.059748
v 0.225826 2.808744 2.095857
v 0.279769 2.783856 2.098752
v 0.324374 2.752494 2.054195
v 0.323779 2.717730 1.986169
v 0.318707 2.752494 1.988313
v 0.316593 2.768175 2.052387
v 0.308809 2.783856 2.050579
v 0.263468 2.808744 2.079944
v 0.223138 2.824724 2.064610
v 0.220159 2.830230 2.029974
v 0.242928 2.824724 2.056244
v 0.284568 2.808744 2.044945
v 0.303989 2.783856 1.994535
v 0.281065 2.808744 2.004226
v 0.254021 2.824724 2.037845
v 0.252178 2.824724 2.016438
v -0.188119 2.610737 2.043511
v -0.159233 2.626717 2.055724
v -0.202191 2.610737 2.059748
v -0.220140 2.605231 2.029975
v -0.223119 2.610737 2.064611
v -0.185999 2.626717 2.086607
v -0.136309 2.651605 2.065414
v -0.173150 2.651605 2.107923
v -0.121590 2.682967 2.071637
v -0.164899 2.682967 2.121608
v -0.116519 2.717731 2.073781
v -0.162056 2.717731 2.126323
v -0.121590 2.752495 2.071637
v -0.164899 2.752495 2.121608
v -0.136308 2.783857 2.065414
v -0.173149 2.783857 2.107923
v -0.159232 2.808745 2.055726
v -0.185998 2.808745 2.086607
v -0.188118 2.824725 2.043514
v -0.202190 2.824725 2.059749
v -0.220139 2.830231 2.029976
v -0.223118 2.824725 2.064612
v -0.225806 2.808745 2.095860
v -0.227938 2.783857 2.120656
v -0.229308 2.752495 2.136577
v -0.229780 2.717731 2.142063
v -0.229308 2.682967 2.136576
v -0.227939 2.651605 2.120656
v -0.225807 2.626717 2.095859
v -0.242909 2.610738 2.056247
v -0.254002 2.610738 2.037847
v -0.263449 2.626717 2.079946
v -0.279750 2.651605 2.098752
v -0.290215 2.682967 2.110828
v -0.293821 2.717731 2.114990
v -0.290215 2.752495 2.110828
v -0.279749 2.783857 2.098752
v -0.263448 2.808745 2.079947
v -0.242908 2.824725 2.056247
v -0.254001 2.824725 2.037848
v -0.284548 2.808745 2.044946
v -0.308791 2.783857 2.050581
v -0.324356 2.752496 2.054199
v -0.329719 2.717731 2.055444
v -0.324356 2.682967 2.054199
v -0.308791 2.651605 2.050581
v -0.284549 2.626717 2.044946
v -0.252160 2.610738 2.016438
v -0.220140 2.605231 2.029975
v -0.281047 2.626718 2.004227
v -0.303971 2.651606 1.994537
v -0.318689 2.682968 1.988315
v -0.323761 2.717732 1.986171
v -0.318689 2.752496 1.988315
v -0.316574 2.768177 2.052389
v -0.303971 2.783858 1.994537
v -0.281047 2.808746 2.004229
v -0.252160 2.824725 2.016439
v -0.220139 2.830231 2.029976
v -0.326901 1.015040 -1.437500
v -0.514191 1.396040 -1.275510
v -0.252200 1.339940 -1.257870
v -0.690445 1.015990 -1.428550
v -0.658354 0.904529 -1.543300
v -0.369687 0.904529 -1.543300
v -0.681300 0.758600 -1.562830
v -0.361016 0.758600 -1.562830
v -0.640487 0.248014 -1.439830
v -0.375007 0.248014 -1.439830
v -0.521323 0.001004 -1.284240
v -0.364410 0.001004 -1.255810
v -0.679617 0.001004 -1.255810
v -0.719554 0.279357 -1.248760
v -0.702502 0.728074 -1.382010
v -0.643671 0.587705 -1.130570
v -0.653056 0.317276 -1.049150
v -0.766964 0.151550 -1.023230
v -0.694408 0.157133 -0.889612
v -0.526308 0.175252 -0.843686
v -0.385294 0.317284 -1.049960
v -0.408300 0.157133 -0.881272
v -0.287865 0.151550 -1.006550
v -0.284948 0.251027 -1.250370
v -0.311679 0.727429 -1.381700
v -0.375007 0.248014 -1.439830
v -0.364410 0.001004 -1.255810
v -0.382732 0.748781 -1.003550
v -0.326901 1.015040 -1.437500
v -0.247557 1.070470 -0.888295
v -0.460738 0.906069 -0.691489
v -0.501383 1.002850 -0.570902
v -0.529490 1.099630 -0.473306
v -0.562662 1.275790 -0.321309
v -0.702996 1.506520 -0.354880
v -0.639167 1.603650 -0.227124
v -0.622026 1.944610 -0.238157
v -0.694332 1.865140 -0.579957
v -0.548489 2.103110 -0.583261
v -0.586486 1.996130 -0.959879
v -0.751478 1.495800 -0.999269
v -0.417775 1.923600 -1.256290
v -0.514191 1.396040 -1.275510
v -0.252200 1.339940 -1.257870
v -0.201090 1.962540 -1.364150
v -0.252200 1.339940 -1.257870
v -0.369687 0.904529 -1.543300
v -0.415112 0.587707 -1.130780
v -0.657648 0.748781 -1.003550
v -0.707725 0.933631 -0.774987
v -0.729656 0.992354 -1.043060
v -0.690445 1.015990 -1.428550
v -0.658354 0.904529 -1.543300
v -0.702502 0.728074 -1.382010
v -0.643671 0.587705 -1.130570
v -0.653056 0.317276 -1.049150
v -0.385294 0.317284 -1.049960
v -0.311679 0.727429 -1.381700
v -0.361016 0.758600 -1.562830
v -0.375007 0.248014 -1.439830
v -0.325510 2.229000 -0.997173
v -0.586486 1.996130 -0.959879
v -0.365336 2.275580 -0.617085
v -0.417775 1.923600 -1.256290
v -0.223824 2.185040 -1.228150
v -0.201090 1.962540 -1.364150
v 0.000000 2.322680 -1.042490
v 0.000000 2.373570 -0.684858
v 0.000000 2.344510 -0.244026
v -0.374957 2.216080 -0.212383
v -0.423543 2.161840 0.221228
v 0.000000 2.302060 0.211904
v -0.622026 1.944610 -0.238157
v -0.548489 2.103110 -0.583261
v -0.751478 1.495800 -0.999269
v -0.783242 1.194390 -0.652438
v -0.760771 1.547820 -0.593117
v -0.694332 1.865140 -0.579957
v -0.702996 1.506520 -0.354880
v -0.529490 1.099630 -0.473306
v -0.501383 1.002850 -0.570902
v -0.751753 1.064010 -0.702217
v -0.707725 0.933631 -0.774987
v -0.460738 0.906069 -0.691489
v -0.681300 0.758600 -1.562830
v -0.719554 0.279357 -1.248760
v -0.679617 0.001004 -1.255810
v -0.766964 0.151550 -1.023230
v -0.380997 0.001002 -0.847835
v -0.408300 0.157133 -0.881272
v -0.526308 0.175252 -0.843686
v -0.287865 0.151550 -1.006550
v -0.291565 0.001004 -1.037150
v -0.527726 -0.050000 -1.068660
v -0.531596 0.001002 -0.807243
v -0.526308 0.175252 -0.843686
v -0.680778 0.001002 -0.847959
v -0.757364 0.001004 -1.039290
v -0.766964 0.151550 -1.023230
v -0.694408 0.157133 -0.889612
v -0.526308 0.175252 -0.843686
v -0.364410 0.001004 -1.255810
v -0.521323 0.001004 -1.284240
v -0.679617 0.001004 -1.255810
v 0.190182 2.108470 -1.959370
v 0.196544 2.115470 -1.688410
v 0.000000 1.929940 -1.975900
v 0.000000 2.306550 -1.958210
v 0.000000 2.306080 -1.679300
v 0.201969 2.114030 -1.473020
v 0.000000 2.308920 -1.369800
v 0.223824 2.185040 -1.228150
v 0.000000 2.322680 -1.042490
v 0.201090 1.962540 -1.364150
v 0.000000 1.877530 -1.500850
v 0.000000 1.906060 -1.692920
v 0.000000 1.949820 -2.250980
v 0.155930 2.115470 -2.249940
v 0.000000 2.008542 -2.487030
v 0.095549 2.135652 -2.513250
v 0.000000 2.146991 -2.687530
v 0.000000 2.217041 -2.520669
v 0.000000 2.282760 -2.250648
v -0.190182 2.108470 -1.959370
v 0.000000 1.929940 -1.975900
v -0.196544 2.115470 -1.688410
v 0.000000 2.306550 -1.958210
v 0.000000 2.306080 -1.679300
v -0.201969 2.114030 -1.473020
v 0.000000 2.308920 -1.369800
v -0.223824 2.185040 -1.228150
v 0.000000 2.322680 -1.042490
v -0.201090 1.962540 -1.364150
v 0.000000 1.877530 -1.500850
v 0.000000 1.906060 -1.692920
v 0.000000 1.949820 -2.250980
v -0.155930 2.115470 -2.249940
v 0.000000 2.008542 -2.487030
v -0.095549 2.135652 -2.513250
v 0.000000 2.146991 -2.687530
v 0.000000 2.217041 -2.520669
v 0.000000 2.282760 -2.250648
v 0.000000 1.850840 -1.384870
v 0.000000 1.850840 -1.384870
v 0.326901 1.015040 -1.437500
v 0.252200 1.339940 -1.257870
v 0.514191 1.396040 -1.275510
v 0.690445 1.015990 -1.428550
v 0.658354 0.904529 -1.543300
v 0.369687 0.904529 -1.543300
v 0.681300 0.758600 -1.562830
v 0.361016 0.758600 -1.562830
v 0.640487 0.248014 -1.439830
v 0.375007 0.248014 -1.439830
v 0.521323 0.001004 -1.284240
v 0.364410 0.001004 -1.255810
v 0.679617 0.001004 -1.255810
v 0.719554 0.279357 -1.248760
v 0.702502 0.728074 -1.382010
v 0.643671 0.587705 -1.130570
v 0.653056 0.317276 -1.049150
v 0.766964 0.151550 -1.023230
v 0.694408 0.157133 -0.889612
v 0.526308 0.175252 -0.843686
v 0.385294 0.317284 -1.049960
v 0.408300 0.157133 -0.881272
v 0.287865 0.151550 -1.006550
v 0.284948 0.251027 -1.250370
v 0.311679 0.727429 -1.381700
v 0.375007 0.248014 -1.439830
v 0.364410 0.001004 -1.255810
v 0.382732 0.748781 -1.003550
v 0.247557 1.070470 -0.888295
v 0.326901 1.015040 -1.437500
v 0.460738 0.906069 -0.691489
v 0.501383 1.002850 -0.570902
v 0.529490 1.099630 -0.473306
v 0.562662 1.275790 -0.321309
v 0.702996 1.506520 -0.354880
v 0.639167 1.603650 -0.227124
v 0.622026 1.944610 -0.238157
v 0.694332 1.865140 -0.579957
v 0.548489 2.103110 -0.583261
v 0.586486 1.996130 -0.959879
v 0.751478 1.495800 -0.999269
v 0.417775 1.923600 -1.256290
v 0.514191 1.396040 -1.275510
v 0.252200 1.339940 -1.257870
v 0.201090 1.962540 -1.364150
v 0.252200 1.339940 -1.257870
v 0.369687 0.904529 -1.543300
v 0.415112 0.587707 -1.130780
v 0.657648 0.748781 -1.003550
v 0.707725 0.933631 -0.774987
v 0.729656 0.992354 -1.043060
v 0.690445 1.015990 -1.428550
v 0.760771 1.547820 -0.593117
v 0.783242 1.194390 -0.652438
v 0.751753 1.064010 -0.702217
v 0.325510 2.229000 -0.997172
v 0.365336 2.275580 -0.617085
v 0.586486 1.996130 -0.959879
v 0.417775 1.923600 -1.256290
v 0.223824 2.185040 -1.228150
v 0.201090 1.962540 -1.364150
v 0.000000 2.322680 -1.042490
v 0.000000 2.373570 -0.684858
v 0.000000 2.344510 -0.244026
v 0.374957 2.216080 -0.212383
v 0.423543 2.161840 0.221228
v 0.000000 2.302060 0.211904
v 0.622026 1.944610 -0.238157
v 0.548489 2.103110 -0.583261
v 0.501383 1.002850 -0.570902
v 0.460738 0.906069 -0.691489
v 0.659009 1.308900 0.206285
v 0.639167 1.603650 -0.227124
v 0.656395 1.816980 0.222295
v 0.562662 1.275790 -0.321309
v 0.389989 1.002770 -0.392379
v 0.414773 0.936100 0.184412
v 0.000000 0.896383 -0.470137
v 0.247557 1.070470 -0.888295
v 0.000000 1.024980 -0.943287
v 0.252200 1.339940 -1.257870
v 0.000000 1.340140 -1.301550
v 0.000000 1.850840 -1.384870
v 0.201090 1.962540 -1.364150
v 0.627689 1.808110 0.703170
v 0.689716 1.372140 0.687974
v 0.335035 0.950707 0.739328
v 0.000000 0.790493 0.166654
v 0.000000 0.811830 0.747099
v 0.271994 1.072460 1.289610
v 0.000000 1.002010 1.370100
v -0.659009 1.308900 0.206285
v -0.656395 1.816980 0.222295
v -0.639167 1.603650 -0.227124
v -0.562662 1.275790 -0.321309
v -0.389989 1.002770 -0.392379
v -0.414773 0.936100 0.184412
v 0.000000 0.896383 -0.470137
v -0.247557 1.070470 -0.888295
v 0.000000 1.024980 -0.943287
v -0.252200 1.339940 -1.257870
v 0.000000 1.340140 -1.301550
v 0.000000 1.850840 -1.384870
v -0.201090 1.962540 -1.364150
v -0.622026 1.944610 -0.238157
v -0.423543 2.161840 0.221228
v -0.627689 1.808110 0.703170
v -0.689716 1.372140 0.687974
v -0.335035 0.950707 0.739328
v 0.000000 0.790493 0.166654
v 0.000000 0.811830 0.747099
v -0.271994 1.072460 1.289610
v 0.000000 1.002010 1.370100
v 0.247557 1.070470 -0.888295
v 0.562662 1.275790 -0.321309
v 0.389989 1.002770 -0.392379
v 0.658354 0.904529 -1.543300
v 0.702502 0.728074 -1.382010
v 0.681300 0.758600 -1.562830
v 0.690445 1.015990 -1.428550
v 0.657648 0.748781 -1.003550
v 0.643671 0.587705 -1.130570
v 0.415112 0.587707 -1.130780
v 0.653056 0.317276 -1.049150
v 0.385294 0.317284 -1.049960
v 0.311679 0.727429 -1.381700
v 0.369687 0.904529 -1.543300
v 0.361016 0.758600 -1.562830
v 0.375007 0.248014 -1.439830
v 0.719554 0.279357 -1.248760
v 0.766964 0.151550 -1.023230
v 0.679617 0.001004 -1.255810
v 0.380997 0.001002 -0.847835
v 0.526308 0.175252 -0.843686
v 0.408300 0.157133 -0.881272
v 0.287865 0.151550 -1.006550
v 0.291565 0.001004 -1.037150
v 0.527726 -0.050000 -1.068660
v 0.531596 0.001002 -0.807243
v 0.526308 0.175252 -0.843686
v 0.680778 0.001002 -0.847959
v 0.757364 0.001004 -1.039290
v 0.766964 0.151550 -1.023230
v 0.694408 0.157133 -0.889612
v 0.526308 0.175252 -0.843686
v 0.364410 0.001004 -1.255810
v 0.521323 0.001004 -1.284240
v 0.679617 0.001004 -1.255810
v 0.511057 0.895608 1.375700
v 0.271994 1.072460 1.289610
v 0.308429 0.595658 1.236490
v 0.514409 0.641048 1.397710
v 0.701739 0.594429 1.172020
v 0.734061 1.124780 1.102220
v 0.735535 1.047570 0.818468
v 0.751376 1.368310 0.742234
v 0.365514 0.964954 0.778143
v 0.335035 0.950707 0.739328
v 0.689716 1.372140 0.687974
v 0.627689 1.808110 0.703170
v 0.634878 1.843780 1.037370
v 0.704572 1.483360 1.090910
v 0.568764 1.715390 1.369120
v 0.516240 1.330210 1.377270
v 0.314135 1.556940 1.583540
v 0.372632 0.731911 0.876154
v 0.365514 0.964954 0.778143
v 0.335035 0.950707 0.739328
v 0.709373 0.745666 0.897197
v 0.690284 0.494175 0.983402
v 0.372632 0.731911 0.876154
v 0.365397 0.494360 0.958724
v 0.665680 0.232106 1.039000
v 0.700231 0.291390 1.267530
v 0.517121 0.315903 1.478190
v 0.691970 0.156653 1.557890
v 0.745649 0.100823 1.413230
v 0.678303 0.026262 1.210870
v 0.521203 0.030340 1.176320
v 0.378420 0.237184 1.033090
v 0.373314 0.026403 1.221300
v 0.365397 0.494360 0.958724
v 0.378420 0.237184 1.033090
v 0.308429 0.595658 1.236490
v 0.324377 0.299062 1.267870
v 0.373314 0.026403 1.221300
v 0.300661 0.026145 1.401480
v 0.375917 0.154831 1.570530
v 0.510888 0.513799 1.413770
v 0.514409 0.641048 1.397710
v 0.701739 0.594429 1.172020
v 0.524291 0.186118 1.623150
v 0.751376 1.368310 0.742234
v 0.734061 1.124780 1.102220
v 0.300661 0.026145 1.401480
v 0.315617 0.024857 1.494490
v 0.375917 0.154831 1.570530
v 0.368905 0.031298 1.553940
v 0.408385 0.025545 1.633130
v 0.474987 0.024174 1.667730
v 0.524291 0.186118 1.623150
v 0.536224 0.028462 1.656830
v 0.534758 -0.014417 1.396000
v 0.607929 0.023911 1.662700
v 0.659715 0.026509 1.621930
v 0.691970 0.156653 1.557890
v 0.750760 0.027550 1.405730
v 0.678303 0.026262 1.210870
v 0.745649 0.100823 1.413230
v 0.745811 0.026309 1.495450
v 0.693563 0.031622 1.547040
v 0.678303 0.026262 1.210870
v 0.521203 0.030340 1.176320
v 0.373314 0.026403 1.221300
v 0.300661 0.026145 1.401480
v -0.511057 0.895608 1.375700
v -0.308429 0.595658 1.236490
v -0.271994 1.072460 1.289610
v -0.514409 0.641048 1.397710
v -0.701739 0.594429 1.172020
v -0.734061 1.124780 1.102220
v -0.735535 1.047570 0.818468
v -0.751376 1.368310 0.742234
v -0.365514 0.964954 0.778143
v -0.335035 0.950707 0.739328
v -0.689716 1.372140 0.687974
v -0.627689 1.808110 0.703170
v -0.634878 1.843780 1.037370
v -0.704572 1.483360 1.090910
v -0.568764 1.715390 1.369120
v -0.516240 1.330210 1.377270
v -0.314135 1.556940 1.583540
v -0.372632 0.731911 0.876154
v -0.365397 0.494360 0.958724
v -0.378420 0.237184 1.033090
v -0.324377 0.299062 1.267870
v -0.373314 0.026403 1.221300
v -0.300661 0.026145 1.401480
v -0.375917 0.154831 1.570530
v -0.517121 0.315903 1.478190
v -0.510888 0.513799 1.413770
v -0.700231 0.291390 1.267530
v -0.665680 0.232106 1.039000
v -0.745649 0.100823 1.413230
v -0.691970 0.156653 1.557890
v -0.524291 0.186118 1.623150
v -0.709373 0.745666 0.897197
v -0.690284 0.494175 0.983402
v -0.372632 0.731911 0.876154
v -0.365397 0.494360 0.958724
v -0.521203 0.030340 1.176320
v -0.378420 0.237184 1.033090
v -0.678303 0.026262 1.210870
v -0.373314 0.026403 1.221300
v -0.335035 0.950707 0.739328
v -0.271994 1.072460 1.289610
v -0.365514 0.964954 0.778143
v -0.751376 1.368310 0.742234
v -0.734061 1.124780 1.102220
v -0.300661 0.026145 1.401480
v -0.375917 0.154831 1.570530
v -0.315617 0.024857 1.494490
v -0.368905 0.031298 1.553940
v -0.408385 0.025545 1.633130
v -0.474987 0.024174 1.667730
v -0.524291 0.186118 1.623150
v -0.536224 0.028462 1.656830
v -0.534758 -0.014417 1.396000
v -0.607929 0.023911 1.662700
v -0.659715 0.026509 1.621930
v -0.691970 0.156653 1.557890
v -0.750760 0.027550 1.405730
v -0.745649 0.100823 1.413230
v -0.678303 0.026262 1.210870
v -0.745811 0.026309 1.495450
v -0.693563 0.031622 1.547040
v -0.678303 0.026262 1.210870
v -0.521203 0.030340 1.176320
v -0.373314 0.026403 1.221300
v -0.300661 0.026145 1.401480
v 0.314135 1.556940 1.583540
v 0.000000 1.489410 1.678100
v 0.271994 1.072460 1.289610
v 0.000000 1.958910 1.801420
v 0.298197 1.948780 1.695530
v 0.483141 1.975310 1.455100
v 0.568764 1.715390 1.369120
v 0.516876 2.094240 1.132490
v 0.634878 1.843780 1.037370
v 0.374253 2.262480 0.807366
v 0.420948 2.176230 0.587155
v 0.000000 2.392530 0.756127
v 0.000000 2.329480 0.543751
v 0.423543 2.161840 0.221228
v 0.656395 1.816980 0.222295
v 0.627689 1.808110 0.703170
v 0.000000 1.002010 1.370100
v 0.000000 2.302060 0.211904
v -0.314135 1.556940 1.583540
v -0.271994 1.072460 1.289610
v 0.000000 1.489410 1.678100
v 0.000000 1.958910 1.801420
v -0.298197 1.948780 1.695530
v -0.483141 1.975310 1.455100
v -0.568764 1.715390 1.369120
v -0.516876 2.094240 1.132490
v -0.634878 1.843780 1.037370
v -0.374253 2.262480 0.807366
v -0.420948 2.176230 0.587155
v 0.000000 2.392530 0.756127
v 0.000000 2.329480 0.543751
v -0.423543 2.161840 0.221228
v -0.656395 1.816980 0.222295
v -0.627689 1.808110 0.703170
v 0.000000 1.002010 1.370100
v 0.000000 2.302060 0.211904
v 0.000000 2.587610 0.912296
v 0.331361 2.540570 1.000230
v 0.501521 2.352110 1.335660
v 0.483141 1.975310 1.455100
v 0.516876 2.094240 1.132490
v 0.436029 2.283560 1.651030
v 0.298197 1.948780 1.695530
v 0.270074 2.157570 1.930710
v 0.000000 2.082990 1.919070
v 0.000000 1.958910 1.801420
v 0.179783 2.131570 2.145540
v 0.000000 2.082450 2.132330
v 0.000000 2.134418 2.279800
v 0.111901 2.201869 2.334400
v 0.000000 2.218288 2.365021
v 0.113990 2.274590 2.327720
v 0.206622 2.219250 2.166960
v 0.315569 2.259190 1.939560
v 0.536007 2.676680 1.492070
v 0.470255 2.914800 1.246130
v 0.283615 2.845560 1.065930
v 0.267049 3.060390 1.186970
v 0.000000 2.888570 0.998698
v 0.000000 3.125510 1.152930
v 0.268539 3.180910 1.379120
v 0.000000 3.237390 1.369360
v 0.286687 3.221670 1.604962
v 0.464910 3.100550 1.410650
v 0.462765 3.096160 1.720691
v 0.288158 3.176840 1.859111
v 0.442164 2.999830 1.894001
v 0.284593 3.049740 2.041291
v 0.000000 3.097400 2.075090
v 0.000000 3.213370 1.896080
v 0.000000 3.275440 1.618991
v 0.513542 2.811930 1.831371
v 0.513202 2.911430 1.593771
v 0.506923 2.573040 1.755692
v 0.436029 2.283560 1.651030
v 0.501521 2.352110 1.335660
v 0.331361 2.540570 1.000230
v 0.000000 2.587610 0.912296
v 0.000000 2.392530 0.756127
v -0.374253 2.262480 0.807366
v -0.331361 2.540570 1.000230
v -0.516876 2.094240 1.132490
v -0.501521 2.352110 1.335660
v -0.483141 1.975310 1.455100
v -0.436029 2.283560 1.651030
v -0.298197 1.948780 1.695530
v -0.270074 2.157570 1.930710
v 0.000000 2.082990 1.919070
v 0.000000 1.958910 1.801420
v -0.179783 2.131570 2.145540
v 0.000000 2.082450 2.132330
v 0.000000 2.134418 2.279800
v -0.111901 2.201869 2.334400
v 0.000000 2.218288 2.365021
v -0.113990 2.274590 2.327720
v -0.206622 2.219250 2.166960
v -0.315569 2.259190 1.939560
v -0.183739 2.282670 2.169311
v -0.242113 2.264440 1.992860
v -0.288158 3.176840 1.859111
v -0.284593 3.049740 2.041291
v 0.000000 3.097400 2.075090
v 0.000000 3.213370 1.896080
v 0.000000 3.275440 1.618991
v -0.286687 3.221670 1.604962
v -0.462765 3.096160 1.720691
v -0.442164 2.999830 1.894001
v -0.513542 2.811930 1.831371
v -0.513202 2.911430 1.593771
v -0.536007 2.676680 1.492070
v -0.470255 2.914800 1.246130
v -0.283615 2.845560 1.065930
v -0.267049 3.060390 1.186970
v 0.000000 2.888570 0.998698
v -0.331361 2.540570 1.000230
v -0.501521 2.352110 1.335660
v 0.000000 2.587610 0.912296
v 0.000000 3.125510 1.152930
v -0.268539 3.180910 1.379120
v 0.000000 3.237390 1.369360
v -0.464910 3.100550 1.410650
v -0.436029 2.283560 1.651030
v -0.506923 2.573040 1.755692
v 0.000000 2.405240 2.101341
v 0.000000 2.284620 2.357810
v 0.113990 2.274590 2.327720
v 0.183739 2.282670 2.169311
v 0.242113 2.264440 1.992860
v 0.000000 2.291950 2.001901
v 0.113990 2.274590 2.327720
v 0.000000 2.284620 2.357810
v 0.000000 2.218288 2.365021
v 0.183739 2.282670 2.169311
v 0.206622 2.219250 2.166960
v 0.315569 2.259190 1.939560
v 0.242113 2.264440 1.992860
v 0.000000 2.405240 2.101341
v -0.113990 2.274590 2.327720
v 0.000000 2.284620 2.357810
v -0.183739 2.282670 2.169311
v -0.242113 2.264440 1.992860
v 0.000000 2.291950 2.001901
v -0.113990 2.274590 2.327720
v 0.000000 2.218288 2.365021
v 0.000000 2.284620 2.357810
v 0.193267 2.666080 2.148790
v 0.179696 2.713510 2.143101
v 0.145087 2.712250 2.180361
v 0.191934 2.639460 2.140730
v 0.169548 2.603199 2.280602
v 0.000000 2.697058 2.264390
v 0.000000 2.593220 2.380960
v 0.125137 2.484069 2.458631
v 0.231841 2.439878 2.330400
v 0.244239 2.600450 2.116831
v 0.257816 2.637670 2.126870
v 0.308062 2.649870 2.091830
v 0.330547 2.621610 2.065240
v 0.382115 2.698880 2.027122
v 0.447617 2.515229 1.934930
v 0.310822 2.453789 2.087770
v 0.377521 2.346120 1.947140
v 0.291122 2.267480 2.061600
v 0.262283 2.288548 2.283112
v 0.343429 2.712660 2.062391
v 0.411698 2.775440 2.024672
v 0.513542 2.811930 1.831371
v 0.506923 2.573040 1.755692
v 0.436029 2.283560 1.651030
v 0.315569 2.259190 1.939560
v 0.242113 2.264440 1.992860
v 0.191636 2.200418 2.209801
v 0.223078 2.222168 2.220681
v 0.109840 2.213000 2.378751
v 0.000000 2.239708 2.362911
v 0.000000 2.230768 2.416921
v 0.140656 2.339200 2.435641
v 0.000000 2.339159 2.522031
v 0.073368 2.417639 2.520621
v 0.000000 2.490418 2.543601
v 0.000000 2.547219 2.492341
v 0.319456 2.713550 2.083401
v 0.303273 2.667400 2.094831
v 0.262310 2.652030 2.118721
v 0.222299 2.645480 2.137960
v 0.191934 2.639460 2.140730
v 0.193267 2.666080 2.148790
v 0.230217 2.655370 2.130471
v 0.240778 2.718020 2.032901
v 0.304741 2.756030 2.112931
v 0.314426 2.778170 2.119911
v 0.332383 2.820790 2.122200
v 0.379434 2.894220 2.046131
v 0.442164 2.999830 1.894001
v 0.284593 3.049740 2.041291
v 0.272850 2.927390 2.140301
v 0.000000 2.909858 2.209321
v 0.185644 2.828879 2.195781
v 0.000000 2.784488 2.223901
v 0.152312 2.775970 2.178990
v 0.209574 2.809750 2.174001
v 0.257741 2.842840 2.163750
v 0.242907 2.804760 2.143291
v 0.192874 2.771380 2.156760
v 0.145087 2.712250 2.180361
v 0.179696 2.713510 2.143101
v 0.201109 2.762740 2.137002
v 0.198266 2.675370 2.139690
v 0.254934 2.782820 2.126860
v 0.000000 2.697058 2.264390
v 0.000000 3.097400 2.075090
v -0.145087 2.712250 2.180361
v 0.000000 2.697058 2.264390
v 0.000000 2.784488 2.223901
v -0.169548 2.603199 2.280602
v -0.191934 2.639460 2.140730
v -0.244239 2.600450 2.116831
v -0.231841 2.439878 2.330400
v -0.125137 2.484069 2.458631
v 0.000000 2.593220 2.380960
v 0.000000 2.547219 2.492341
v 0.000000 2.490418 2.543601
v -0.073711 2.417269 2.520360
v 0.000000 2.339159 2.522031
v -0.140656 2.339200 2.435641
v 0.000000 2.230768 2.416921
v -0.109840 2.213000 2.378751
v 0.000000 2.239708 2.362911
v -0.191636 2.200418 2.209801
v -0.223078 2.222168 2.220681
v -0.291122 2.267480 2.061600
v -0.242113 2.264440 1.992860
v -0.315569 2.259190 1.939560
v -0.377521 2.346120 1.947140
v -0.310822 2.453789 2.087770
v -0.262283 2.288548 2.283112
v -0.330547 2.621610 2.065240
v -0.447617 2.515229 1.934930
v -0.436029 2.283560 1.651030
v -0.506923 2.573040 1.755692
v -0.513542 2.811930 1.831371
v -0.382115 2.698880 2.027122
v -0.308062 2.649870 2.091831
v -0.257816 2.637670 2.126872
v -0.303273 2.667400 2.094831
v -0.319456 2.713550 2.083401
v -0.343429 2.712660 2.062391
v -0.411698 2.775440 2.024672
v -0.442164 2.999830 1.894001
v -0.379434 2.894220 2.046131
v -0.284593 3.049740 2.041291
v -0.272850 2.927390 2.140301
v 0.000000 2.909858 2.209321
v 0.000000 3.097400 2.075090
v -0.185644 2.828879 2.195781
v 0.000000 2.784488 2.223901
v -0.257741 2.842840 2.163751
v -0.209574 2.809750 2.174001
v -0.242907 2.804760 2.143291
v -0.192874 2.771380 2.156761
v -0.152312 2.775970 2.178990
v -0.145087 2.712250 2.180361
v -0.179696 2.713510 2.143101
v -0.201109 2.762740 2.137002
v -0.240778 2.718020 2.032901
v -0.198266 2.675370 2.139690
v -0.230217 2.655370 2.130471
v -0.262310 2.652030 2.118721
v -0.304741 2.756030 2.112931
v -0.314426 2.778170 2.119911
v -0.332383 2.820790 2.122200
v -0.254934 2.782820 2.126862
v -0.193267 2.666080 2.148790
v -0.191934 2.639460 2.140730
v -0.222299 2.645480 2.137961
v -0.244239 2.600450 2.116831
v -0.257816 2.637670 2.126872
v -0.303273 2.667400 2.094831
v 0.191636 2.200418 2.209801
v 0.000000 2.239708 2.362911
v 0.242113 2.264440 1.992860
v 0.000000 2.291950 2.001901
v -0.262283 2.288548 2.283112
v -0.291122 2.267480 2.061600
v -0.223078 2.222168 2.220681
v -0.109840 2.213000 2.378751
v -0.140656 2.339200 2.435641
v -0.231841 2.439878 2.330400
v -0.125137 2.484069 2.458631
v -0.073711 2.417269 2.520360
v -0.191636 2.200418 2.209801
v -0.242113 2.264440 1.992860
v 0.000000 2.239708 2.362911
v 0.000000 2.291950 2.001901
v 0.442164 2.999830 1.894001
v 0.502012 2.852860 1.883291
v 0.628025 2.937260 1.783731
v 0.462765 3.096160 1.720691
v 0.669678 2.971450 1.578401
v 0.464910 3.100550 1.410650
v 0.551728 3.006830 1.372661
v 0.470255 2.914800 1.246130
v 0.687323 2.823040 1.354411
v 0.589497 2.782600 1.224940
v 0.734653 2.631070 1.392442
v 0.643095 2.552650 1.322330
v 0.627896 2.374120 1.462430
v 0.674020 2.503510 1.546320
v 0.640248 2.299540 1.652500
v 0.578410 2.274710 1.637720
v 0.518556 2.366050 1.800920
v 0.658856 2.513470 1.741480
v 0.756149 2.746580 1.590261
v 0.669147 2.697370 1.780401
v 0.478653 2.601700 1.878672
v 0.470255 2.914800 1.246130
v 0.589497 2.782600 1.224940
v 0.513202 2.911430 1.593771
v 0.642880 2.729440 1.615752
v 0.643095 2.552650 1.322330
v 0.627896 2.374120 1.462430
v 0.578410 2.274710 1.637720
v 0.518556 2.366050 1.800920
v 0.478653 2.601700 1.878672
v 0.502012 2.852860 1.883291
v 0.442164 2.999830 1.894001
v -0.442164 2.999830 1.894001
v -0.628025 2.937259 1.783731
v -0.502012 2.852860 1.883291
v -0.462765 3.096160 1.720691
v -0.669678 2.971449 1.578400
v -0.464910 3.100550 1.410650
v -0.551728 3.006830 1.372661
v -0.470255 2.914800 1.246130
v -0.687323 2.823040 1.354411
v -0.589497 2.782599 1.224940
v -0.734653 2.631069 1.392440
v -0.643095 2.552650 1.322330
v -0.627896 2.374120 1.462430
v -0.674020 2.503510 1.546320
v -0.640248 2.299540 1.652500
v -0.578410 2.274710 1.637720
v -0.518556 2.366050 1.800920
v -0.658856 2.513470 1.741480
v -0.756149 2.746579 1.590261
v -0.669147 2.697370 1.780401
v -0.478653 2.601700 1.878672
v -0.470255 2.914800 1.246130
v -0.513202 2.911430 1.593771
v -0.589497 2.782599 1.224940
v -0.642880 2.729440 1.615752
v -0.643095 2.552650 1.322330
v -0.627896 2.374120 1.462430
v -0.578410 2.274710 1.637720
v -0.518556 2.366050 1.800920
v -0.478653 2.601700 1.878672
v -0.502012 2.852860 1.883291
v -0.442164 2.999830 1.894001
vt 0.000621 0.686085
vt 0.013528 0.787043
vt 0.000621 0.768748
vt 0.011788 0.686096
vt 0.011490 0.638624
vt 0.000621 0.626690
vt 0.015668 0.591290
vt 0.000621 0.593734
vt 0.017097 0.449345
vt 0.000621 0.449345
vt 0.008989 0.383788
vt 0.001735 0.380513
vt 0.016763 0.380514
vt 0.030165 0.449345
vt 0.025413 0.603906
vt 0.045021 0.555468
vt 0.046855 0.449345
vt 0.034159 0.383788
vt 0.047192 0.383788
vt 0.055377 0.380361
vt 0.062995 0.449345
vt 0.062841 0.383788
vt 0.076285 0.383788
vt 0.076485 0.449345
vt 0.079820 0.585337
vt 0.091466 0.449345
vt 0.090789 0.380722
vt 0.066261 0.612408
vt 0.091466 0.671890
vt 0.077473 0.714691
vt 0.061674 0.651813
vt 0.061449 0.684197
vt 0.061803 0.715290
vt 0.076104 0.753486
vt 0.066649 0.810104
vt 0.079513 0.837495
vt 0.073436 0.941319
vt 0.050816 0.910821
vt 0.050130 0.983700
vt 0.030466 0.951827
vt 0.029069 0.811476
vt 0.011929 0.934291
vt 0.013528 0.787043
vt 0.000621 0.768748
vt 0.000198 0.939977
vt 0.090616 0.773291
vt 0.091466 0.614393
vt 0.065777 0.559217
vt 0.044984 0.613002
vt 0.050355 0.669102
vt 0.034451 0.689175
vt 0.011788 0.686096
vt 0.011490 0.638624
vt 0.025413 0.603906
vt 0.045021 0.555468
vt 0.046855 0.449345
vt 0.062995 0.449345
vt 0.079820 0.585337
vt 0.091466 0.577322
vt 0.091466 0.449345
vt 0.205600 0.452163
vt 0.210515 0.393690
vt 0.230565 0.458424
vt 0.199983 0.380054
vt 0.190504 0.459456
vt 0.190576 0.355516
vt 0.198882 0.522317
vt 0.224910 0.520681
vt 0.258150 0.516298
vt 0.256657 0.448464
vt 0.286577 0.439348
vt 0.285363 0.516382
vt 0.255053 0.368530
vt 0.231756 0.416609
vt 0.029069 0.811476
vt 0.049740 0.740453
vt 0.051663 0.825244
vt 0.050816 0.910821
vt 0.066649 0.810104
vt 0.061803 0.715290
vt 0.061449 0.684197
vt 0.050245 0.705623
vt 0.050355 0.669102
vt 0.061674 0.651813
vt 0.015668 0.591290
vt 0.030165 0.449345
vt 0.016763 0.380514
vt 0.034159 0.383788
vt 0.389935 0.809568
vt 0.386293 0.844373
vt 0.393013 0.864085
vt 0.375126 0.826614
vt 0.385415 0.730084
vt 0.405886 0.722750
vt 0.406308 0.825212
vt 0.406062 0.864085
vt 0.422610 0.807920
vt 0.426048 0.729792
vt 0.437670 0.812049
vt 0.426080 0.833592
vt 0.414992 0.864085
vt 0.388372 0.648033
vt 0.405812 0.635975
vt 0.422006 0.647344
vt 0.563983 0.936297
vt 0.543948 0.933646
vt 0.565239 0.891060
vt 0.563916 0.994509
vt 0.543417 0.994509
vt 0.530410 0.933724
vt 0.526649 0.994509
vt 0.515288 0.946099
vt 0.506344 0.994509
vt 0.517166 0.906385
vt 0.530410 0.887525
vt 0.544212 0.887525
vt 0.584274 0.901666
vt 0.583047 0.941600
vt 0.602312 0.924645
vt 0.600341 0.953090
vt 0.615904 0.993741
vt 0.600482 0.994509
vt 0.583088 0.994509
vt 0.436017 0.936297
vt 0.434761 0.891060
vt 0.456052 0.933646
vt 0.436084 0.994509
vt 0.456583 0.994509
vt 0.469590 0.933724
vt 0.473351 0.994509
vt 0.484712 0.946099
vt 0.493656 0.994509
vt 0.482834 0.906385
vt 0.469590 0.887525
vt 0.455788 0.887525
vt 0.415726 0.901666
vt 0.416953 0.941600
vt 0.397688 0.924645
vt 0.399659 0.953090
vt 0.384096 0.993741
vt 0.399518 0.994509
vt 0.416912 0.994509
vt 0.517166 0.888438
vt 0.482834 0.888438
vt 0.999379 0.686085
vt 0.999379 0.768748
vt 0.986472 0.787043
vt 0.988212 0.686096
vt 0.988510 0.638624
vt 0.999379 0.626690
vt 0.984332 0.591290
vt 0.999379 0.593734
vt 0.982903 0.449345
vt 0.999379 0.449345
vt 0.991012 0.383788
vt 0.998265 0.380513
vt 0.983237 0.380514
vt 0.969835 0.449345
vt 0.974587 0.603906
vt 0.954979 0.555468
vt 0.953145 0.449345
vt 0.965841 0.383788
vt 0.952808 0.383788
vt 0.944623 0.380361
vt 0.937005 0.449345
vt 0.937159 0.383788
vt 0.923715 0.383788
vt 0.923515 0.449345
vt 0.920180 0.585337
vt 0.908534 0.449345
vt 0.909211 0.380722
vt 0.933739 0.612408
vt 0.922527 0.714691
vt 0.908534 0.671890
vt 0.938326 0.651813
vt 0.938551 0.684197
vt 0.938197 0.715290
vt 0.923896 0.753486
vt 0.933351 0.810104
vt 0.920487 0.837495
vt 0.926564 0.941319
vt 0.949184 0.910821
vt 0.949870 0.983700
vt 0.969534 0.951827
vt 0.970931 0.811476
vt 0.988071 0.934291
vt 0.986472 0.787043
vt 0.999379 0.768748
vt 0.999802 0.939977
vt 0.909384 0.773291
vt 0.908534 0.614393
vt 0.934223 0.559217
vt 0.955016 0.613002
vt 0.949645 0.669102
vt 0.965549 0.689175
vt 0.988212 0.686096
vt 0.948337 0.825244
vt 0.950260 0.740453
vt 0.949755 0.705623
vt 0.794400 0.452163
vt 0.769435 0.458424
vt 0.789485 0.393690
vt 0.800017 0.380054
vt 0.809496 0.459456
vt 0.809423 0.355516
vt 0.801118 0.522317
vt 0.775090 0.520681
vt 0.741850 0.516298
vt 0.743343 0.448464
vt 0.713423 0.439348
vt 0.714637 0.516382
vt 0.744947 0.368530
vt 0.768244 0.416609
vt 0.938551 0.684197
vt 0.938326 0.651813
vt 0.710415 0.228702
vt 0.741860 0.283766
vt 0.712258 0.347418
vt 0.747192 0.208975
vt 0.751332 0.129849
vt 0.710720 0.127246
vt 0.754641 0.017228
vt 0.776628 0.102724
vt 0.778163 0.019773
vt 0.789957 0.187628
vt 0.808428 0.190052
vt 0.809127 0.338750
vt 0.794565 0.370475
vt 0.681181 0.355614
vt 0.678655 0.250547
vt 0.671696 0.107922
vt 0.711156 0.015532
vt 0.671614 0.014027
vt 0.638873 0.110900
vt 0.638919 0.010928
vt 0.289585 0.228702
vt 0.287742 0.347418
vt 0.258140 0.283766
vt 0.252808 0.208975
vt 0.248668 0.129849
vt 0.289280 0.127246
vt 0.245359 0.017228
vt 0.223372 0.102724
vt 0.221837 0.019773
vt 0.210043 0.187628
vt 0.191572 0.190052
vt 0.190873 0.338750
vt 0.205435 0.370475
vt 0.255053 0.368530
vt 0.286577 0.439348
vt 0.318819 0.355614
vt 0.321345 0.250547
vt 0.328304 0.107922
vt 0.288844 0.015532
vt 0.328386 0.014027
vt 0.361127 0.110900
vt 0.361081 0.010928
vt 0.776628 0.102724
vt 0.747192 0.208975
vt 0.751332 0.129849
vt 0.988510 0.638624
vt 0.974587 0.603906
vt 0.984332 0.591290
vt 0.988212 0.686096
vt 0.955016 0.613002
vt 0.954979 0.555468
vt 0.934223 0.559217
vt 0.953145 0.449345
vt 0.937005 0.449345
vt 0.920180 0.585337
vt 0.908534 0.614393
vt 0.908534 0.577322
vt 0.908534 0.449345
vt 0.969835 0.449345
vt 0.965841 0.383788
vt 0.983237 0.380514
vt 0.610065 0.809568
vt 0.606987 0.864085
vt 0.613707 0.844373
vt 0.624874 0.826614
vt 0.614585 0.730084
vt 0.594114 0.722750
vt 0.593692 0.825212
vt 0.593938 0.864085
vt 0.577390 0.807920
vt 0.573952 0.729792
vt 0.562330 0.812049
vt 0.573920 0.833592
vt 0.585008 0.864085
vt 0.611628 0.648033
vt 0.594188 0.635975
vt 0.577994 0.647344
vt 0.849007 0.692024
vt 0.832564 0.738835
vt 0.831175 0.595234
vt 0.849581 0.594798
vt 0.867282 0.593923
vt 0.864858 0.780171
vt 0.883746 0.766023
vt 0.883090 0.865701
vt 0.905826 0.745866
vt 0.902924 0.828731
vt 0.901724 0.898187
vt 0.884105 0.986745
vt 0.865378 0.979096
vt 0.863265 0.884451
vt 0.847404 0.931261
vt 0.847665 0.815109
vt 0.829075 0.891095
vt 0.813746 0.666659
vt 0.813746 0.747812
vt 0.813746 0.831053
vt 0.883106 0.667752
vt 0.883163 0.574873
vt 0.905826 0.668911
vt 0.905826 0.575625
vt 0.883196 0.450092
vt 0.866473 0.450092
vt 0.849569 0.450092
vt 0.863416 0.383905
vt 0.869449 0.383905
vt 0.882459 0.377298
vt 0.893952 0.383255
vt 0.905826 0.450092
vt 0.907269 0.376754
vt 0.813746 0.574772
vt 0.813746 0.450092
vt 0.831175 0.595234
vt 0.832827 0.450092
vt 0.816769 0.377735
vt 0.825005 0.371281
vt 0.837807 0.383905
vt 0.849249 0.533326
vt 0.849581 0.594798
vt 0.867282 0.593923
vt 0.848974 0.383905
vt 0.883090 0.865701
vt 0.864858 0.780171
vt 0.559561 0.725018
vt 0.554323 0.755002
vt 0.554369 0.855146
vt 0.548941 0.779570
vt 0.544985 0.807574
vt 0.537329 0.822251
vt 0.532785 0.875514
vt 0.531217 0.818829
vt 0.531510 0.721209
vt 0.523978 0.819492
vt 0.517995 0.803243
vt 0.509837 0.845030
vt 0.509099 0.720063
vt 0.509100 0.652750
vt 0.501136 0.787327
vt 0.509032 0.758476
vt 0.514606 0.779006
vt 0.516243 0.652750
vt 0.532843 0.639264
vt 0.548505 0.656501
vt 0.555876 0.719615
vt 0.150993 0.692024
vt 0.168825 0.595234
vt 0.167436 0.738835
vt 0.150419 0.594798
vt 0.132718 0.593923
vt 0.135142 0.780171
vt 0.116254 0.766023
vt 0.116910 0.865701
vt 0.094174 0.745866
vt 0.097076 0.828731
vt 0.098276 0.898187
vt 0.115895 0.986745
vt 0.134622 0.979096
vt 0.136735 0.884451
vt 0.152596 0.931261
vt 0.152335 0.815109
vt 0.170925 0.891095
vt 0.186254 0.666659
vt 0.186254 0.574772
vt 0.186254 0.450092
vt 0.167173 0.450092
vt 0.183231 0.377735
vt 0.174995 0.371281
vt 0.162193 0.383905
vt 0.150431 0.450092
vt 0.150751 0.533326
vt 0.133527 0.450092
vt 0.116804 0.450092
vt 0.130551 0.383905
vt 0.136584 0.383905
vt 0.151026 0.383905
vt 0.116894 0.667752
vt 0.116837 0.574873
vt 0.094174 0.668911
vt 0.094174 0.575625
vt 0.106048 0.383255
vt 0.094174 0.450092
vt 0.117541 0.377298
vt 0.092731 0.376754
vt 0.186254 0.831053
vt 0.167436 0.738835
vt 0.186254 0.747812
vt 0.116910 0.865701
vt 0.135142 0.780171
vt 0.440439 0.725018
vt 0.445631 0.855146
vt 0.445677 0.755002
vt 0.451059 0.779570
vt 0.455015 0.807574
vt 0.462671 0.822251
vt 0.467215 0.875514
vt 0.468783 0.818829
vt 0.468490 0.721209
vt 0.476022 0.819492
vt 0.482005 0.803243
vt 0.490163 0.845030
vt 0.490901 0.720063
vt 0.498864 0.787327
vt 0.490900 0.652750
vt 0.490968 0.758476
vt 0.485394 0.779006
vt 0.483757 0.652750
vt 0.467157 0.639264
vt 0.451495 0.656501
vt 0.444124 0.719615
vt 0.604844 0.136153
vt 0.605441 0.008849
vt 0.638873 0.110900
vt 0.569382 0.008249
vt 0.581843 0.135651
vt 0.606653 0.237369
vt 0.626368 0.224880
vt 0.638674 0.343404
vt 0.651706 0.323068
vt 0.671563 0.442481
vt 0.687348 0.439757
vt 0.678816 0.520049
vt 0.691616 0.517051
vt 0.713423 0.439348
vt 0.712258 0.347418
vt 0.681181 0.355614
vt 0.638919 0.010928
vt 0.714637 0.516382
vt 0.395156 0.136153
vt 0.361127 0.110900
vt 0.394559 0.008849
vt 0.430618 0.008249
vt 0.418157 0.135651
vt 0.393347 0.237369
vt 0.373632 0.224880
vt 0.361326 0.343404
vt 0.348294 0.323068
vt 0.328437 0.442481
vt 0.312652 0.439757
vt 0.321184 0.520049
vt 0.308384 0.517051
vt 0.286577 0.439348
vt 0.287742 0.347418
vt 0.318819 0.355614
vt 0.361081 0.010928
vt 0.285363 0.516382
vt 0.668560 0.521001
vt 0.653423 0.450725
vt 0.607252 0.300569
vt 0.606653 0.237369
vt 0.638674 0.343404
vt 0.583293 0.238485
vt 0.581843 0.135651
vt 0.554367 0.105888
vt 0.551328 0.014544
vt 0.569382 0.008249
vt 0.526111 0.083631
vt 0.527868 0.018770
vt 0.505444 0.082999
vt 0.513768 0.099621
vt 0.501659 0.105062
vt 0.513655 0.126782
vt 0.527110 0.116920
vt 0.557001 0.150183
vt 0.593063 0.360172
vt 0.613945 0.420537
vt 0.633763 0.456760
vt 0.619237 0.480898
vt 0.640594 0.530689
vt 0.622940 0.544638
vt 0.605280 0.499214
vt 0.606347 0.586268
vt 0.591590 0.532908
vt 0.603021 0.443341
vt 0.583484 0.481803
vt 0.569601 0.535913
vt 0.569256 0.474462
vt 0.551252 0.503144
vt 0.535008 0.580882
vt 0.564205 0.614368
vt 0.590954 0.606688
vt 0.574385 0.426679
vt 0.587619 0.433062
vt 0.577008 0.331668
vt 0.583293 0.238485
vt 0.607252 0.300569
vt 0.653423 0.450725
vt 0.331440 0.521001
vt 0.321184 0.520049
vt 0.328437 0.442481
vt 0.346577 0.450725
vt 0.361326 0.343404
vt 0.392748 0.300569
vt 0.393347 0.237369
vt 0.416707 0.238485
vt 0.418157 0.135651
vt 0.445633 0.105888
vt 0.448672 0.014544
vt 0.430618 0.008249
vt 0.473889 0.083631
vt 0.472132 0.018770
vt 0.494556 0.082999
vt 0.486227 0.099381
vt 0.498340 0.105020
vt 0.486345 0.126782
vt 0.472890 0.116920
vt 0.442999 0.150183
vt 0.473282 0.120961
vt 0.453777 0.141561
vt 0.430399 0.535913
vt 0.448748 0.503144
vt 0.464992 0.580882
vt 0.435795 0.614368
vt 0.409046 0.606688
vt 0.408410 0.532908
vt 0.416516 0.481803
vt 0.430744 0.474462
vt 0.425615 0.426679
vt 0.412381 0.433062
vt 0.406937 0.360172
vt 0.386055 0.420537
vt 0.366237 0.456760
vt 0.380763 0.480898
vt 0.359406 0.530689
vt 0.346577 0.450725
vt 0.392748 0.300569
vt 0.331440 0.521001
vt 0.377060 0.544638
vt 0.394720 0.499214
vt 0.393653 0.586268
vt 0.396979 0.443341
vt 0.416707 0.238485
vt 0.422992 0.331668
vt 0.749886 0.671527
vt 0.753327 0.550999
vt 0.765524 0.560861
vt 0.779732 0.649401
vt 0.784836 0.755734
vt 0.753327 0.757908
vt 0.513655 0.126782
vt 0.501385 0.132370
vt 0.501659 0.105062
vt 0.526718 0.120961
vt 0.527110 0.116920
vt 0.557001 0.150183
vt 0.546223 0.141561
vt 0.250114 0.671527
vt 0.234476 0.560861
vt 0.246673 0.550999
vt 0.220269 0.649401
vt 0.215164 0.755734
vt 0.246673 0.757908
vt 0.486345 0.126782
vt 0.498340 0.105020
vt 0.498615 0.132370
vt 0.532597 0.353738
vt 0.532015 0.378059
vt 0.523193 0.378059
vt 0.530118 0.340648
vt 0.522026 0.328141
vt 0.505507 0.408101
vt 0.501463 0.345348
vt 0.513107 0.282165
vt 0.525931 0.265606
vt 0.540238 0.314754
vt 0.540238 0.336771
vt 0.547055 0.343725
vt 0.551539 0.331674
vt 0.557128 0.373591
vt 0.564202 0.297876
vt 0.545967 0.267154
vt 0.558386 0.225825
vt 0.544696 0.181059
vt 0.529570 0.207654
vt 0.551242 0.380673
vt 0.557936 0.404262
vt 0.574385 0.426679
vt 0.577008 0.331668
vt 0.583293 0.238485
vt 0.557001 0.150183
vt 0.546223 0.141561
vt 0.526458 0.124386
vt 0.530892 0.163891
vt 0.512482 0.175343
vt 0.501385 0.135925
vt 0.501385 0.179602
vt 0.515296 0.241470
vt 0.501385 0.240364
vt 0.508081 0.264385
vt 0.501385 0.285650
vt 0.501385 0.305978
vt 0.547055 0.378059
vt 0.544970 0.357413
vt 0.540238 0.351237
vt 0.536102 0.342733
vt 0.530118 0.340648
vt 0.532597 0.353738
vt 0.536727 0.355876
vt 0.540238 0.378059
vt 0.545229 0.403304
vt 0.546005 0.409600
vt 0.547827 0.421946
vt 0.555663 0.439885
vt 0.569256 0.474462
vt 0.551252 0.503144
vt 0.543330 0.456396
vt 0.520110 0.519815
vt 0.534170 0.454923
vt 0.510939 0.461365
vt 0.526719 0.416883
vt 0.534051 0.424609
vt 0.541103 0.435394
vt 0.540238 0.423755
vt 0.531313 0.405278
vt 0.523193 0.378059
vt 0.532015 0.378059
vt 0.534066 0.401269
vt 0.534023 0.363599
vt 0.540238 0.413433
vt 0.505507 0.408101
vt 0.535008 0.580882
vt 0.476807 0.378059
vt 0.494493 0.408101
vt 0.489061 0.461365
vt 0.477974 0.328141
vt 0.469882 0.340648
vt 0.459762 0.314754
vt 0.474069 0.265606
vt 0.486894 0.282165
vt 0.498537 0.345348
vt 0.498615 0.305978
vt 0.498615 0.285650
vt 0.491885 0.264278
vt 0.498615 0.240364
vt 0.484704 0.241470
vt 0.498615 0.179602
vt 0.487518 0.175343
vt 0.498615 0.135925
vt 0.473542 0.124386
vt 0.469108 0.163891
vt 0.455304 0.181059
vt 0.453777 0.141561
vt 0.442999 0.150183
vt 0.441614 0.225825
vt 0.454033 0.267154
vt 0.470430 0.207654
vt 0.448461 0.331674
vt 0.435798 0.297876
vt 0.416707 0.238485
vt 0.422992 0.331668
vt 0.425615 0.426679
vt 0.442872 0.373591
vt 0.452945 0.343725
vt 0.459762 0.336771
vt 0.455030 0.357413
vt 0.452945 0.378059
vt 0.448758 0.380673
vt 0.442064 0.404262
vt 0.430744 0.474462
vt 0.444337 0.439885
vt 0.448748 0.503144
vt 0.456670 0.456396
vt 0.479890 0.519815
vt 0.464992 0.580882
vt 0.465830 0.454923
vt 0.489061 0.461365
vt 0.458897 0.435394
vt 0.465949 0.424609
vt 0.459762 0.423755
vt 0.468687 0.405278
vt 0.473281 0.416883
vt 0.476807 0.378059
vt 0.467985 0.378059
vt 0.465934 0.401269
vt 0.459762 0.378059
vt 0.465977 0.363599
vt 0.463273 0.355876
vt 0.459762 0.351237
vt 0.454771 0.403304
vt 0.453995 0.409600
vt 0.452173 0.421946
vt 0.459762 0.413433
vt 0.467403 0.353738
vt 0.469882 0.340648
vt 0.463898 0.342733
vt 0.459762 0.314754
vt 0.459762 0.336771
vt 0.455030 0.357413
vt 0.777234 0.888950
vt 0.753327 0.971733
vt 0.784836 0.755734
vt 0.753327 0.757908
vt 0.470430 0.207654
vt 0.455304 0.181059
vt 0.469108 0.163891
vt 0.487518 0.175343
vt 0.484704 0.241470
vt 0.474069 0.265606
vt 0.486894 0.282165
vt 0.491885 0.264278
vt 0.222766 0.888950
vt 0.215164 0.755734
vt 0.246673 0.971733
vt 0.246673 0.757908
vt 0.688700 0.922426
vt 0.688676 0.826102
vt 0.699664 0.848917
vt 0.703643 0.990545
vt 0.715200 0.876625
vt 0.731795 0.996168
vt 0.734286 0.895095
vt 0.747806 0.908894
vt 0.735205 0.810568
vt 0.747867 0.820134
vt 0.729549 0.712947
vt 0.742462 0.704260
vt 0.731229 0.603679
vt 0.719477 0.628135
vt 0.712416 0.567315
vt 0.713052 0.540329
vt 0.698413 0.575374
vt 0.704877 0.630307
vt 0.715038 0.747777
vt 0.699556 0.729587
vt 0.689775 0.703788
vt 0.673415 0.953500
vt 0.680807 0.824576
vt 0.652797 0.896207
vt 0.650472 0.765019
vt 0.675339 0.704554
vt 0.666412 0.593079
vt 0.653648 0.550667
vt 0.635551 0.583130
vt 0.630310 0.682703
vt 0.627106 0.819332
vt 0.627385 0.910169
vt 0.311300 0.922426
vt 0.300336 0.848917
vt 0.311324 0.826102
vt 0.296357 0.990545
vt 0.284800 0.876625
vt 0.268205 0.996168
vt 0.265714 0.895095
vt 0.252194 0.908894
vt 0.264795 0.810568
vt 0.252133 0.820134
vt 0.270451 0.712947
vt 0.257538 0.704260
vt 0.268771 0.603679
vt 0.280523 0.628135
vt 0.287584 0.567315
vt 0.286948 0.540329
vt 0.301587 0.575374
vt 0.295123 0.630307
vt 0.284962 0.747777
vt 0.300444 0.729587
vt 0.310225 0.703788
vt 0.326585 0.953500
vt 0.347203 0.896207
vt 0.319193 0.824576
vt 0.349528 0.765019
vt 0.324661 0.704554
vt 0.333588 0.593079
vt 0.346352 0.550667
vt 0.364449 0.583130
vt 0.369690 0.682703
vt 0.372894 0.819332
vt 0.372615 0.910169
vt 0.361749 0.074506
vt 0.388152 0.074506
vt 0.237030 0.138054
vt 0.500000 0.052609
vt 0.457278 0.074506
vt 0.287253 0.138054
vt 0.138053 0.237030
vt 0.207179 0.237030
vt 0.418738 0.138054
vt 0.542722 0.074506
vt 0.611848 0.074506
vt 0.581262 0.138054
vt 0.388152 0.237030
vt 0.155768 0.361749
vt 0.074506 0.361749
vt 0.052609 0.500000
vt 0.138053 0.500000
vt 0.368515 0.361749
vt 0.611848 0.237030
vt 0.712747 0.138054
vt 0.638251 0.074506
vt 0.762970 0.138054
vt 0.792821 0.237030
vt 0.631485 0.361749
vt 0.361749 0.500000
vt 0.155768 0.638251
vt 0.074506 0.638251
vt 0.138053 0.762970
vt 0.207179 0.762970
vt 0.368515 0.638251
vt 0.638251 0.500000
vt 0.844232 0.361749
vt 0.861947 0.237030
vt 0.925494 0.361749
vt 0.861947 0.500000
vt 0.631485 0.638251
vt 0.388152 0.762970
vt 0.287253 0.861946
vt 0.237030 0.861946
vt 0.361749 0.925494
vt 0.388152 0.925494
vt 0.418738 0.861946
vt 0.611848 0.762970
vt 0.844232 0.638251
vt 0.947391 0.500000
vt 0.925494 0.638251
vt 0.818527 0.700611
vt 0.792821 0.762970
vt 0.581262 0.861946
vt 0.457278 0.925494
vt 0.500000 0.947391
vt 0.542722 0.925494
vt 0.712747 0.861946
vt 0.861947 0.762970
vt 0.762970 0.861946
vt 0.611848 0.925494
vt 0.638251 0.925494
vt 0.638251 0.074506
vt 0.762970 0.138054
vt 0.611848 0.074506
vt 0.500000 0.052609
vt 0.542722 0.074506
vt 0.712747 0.138054
vt 0.861947 0.237030
vt 0.792821 0.237030
vt 0.925494 0.361749
vt 0.844232 0.361749
vt 0.947391 0.500000
vt 0.861947 0.500000
vt 0.925494 0.638251
vt 0.844232 0.638251
vt 0.861947 0.762970
vt 0.792821 0.762970
vt 0.762970 0.861946
vt 0.712747 0.861946
vt 0.638251 0.925494
vt 0.611848 0.925494
vt 0.500000 0.947391
vt 0.542722 0.925494
vt 0.581262 0.861946
vt 0.611848 0.762970
vt 0.631485 0.638251
vt 0.638251 0.500000
vt 0.631485 0.361749
vt 0.611848 0.237030
vt 0.581262 0.138054
vt 0.457278 0.074506
vt 0.388152 0.074506
vt 0.418738 0.138054
vt 0.388152 0.237030
vt 0.368515 0.361749
vt 0.361749 0.500000
vt 0.368515 0.638251
vt 0.388152 0.762970
vt 0.418738 0.861946
vt 0.457278 0.925494
vt 0.388152 0.925494
vt 0.287253 0.861946
vt 0.207179 0.762970
vt 0.155768 0.638251
vt 0.138053 0.500000
vt 0.155768 0.361749
vt 0.207179 0.237030
vt 0.287253 0.138054
vt 0.361749 0.074506
vt 0.500000 0.052609
vt 0.237030 0.138054
vt 0.138053 0.237030
vt 0.074506 0.361749
vt 0.052609 0.500000
vt 0.074506 0.638251
vt 0.181473 0.700611
vt 0.138053 0.762970
vt 0.237030 0.861946
vt 0.361749 0.925494
vt 0.500000 0.947391
vt 0.998759 0.686085
vt 0.972943 0.787043
vt 0.998759 0.768748
vt 0.976424 0.686096
vt 0.977020 0.638624
vt 0.998759 0.626690
vt 0.968665 0.591290
vt 0.998759 0.593734
vt 0.965807 0.449345
vt 0.998759 0.449345
vt 0.982023 0.383788
vt 0.996530 0.380513
vt 0.966474 0.380514
vt 0.939670 0.449345
vt 0.949174 0.603906
vt 0.909959 0.555468
vt 0.906290 0.449345
vt 0.931681 0.383788
vt 0.905615 0.383788
vt 0.889245 0.380361
vt 0.874011 0.449345
vt 0.874318 0.383788
vt 0.847431 0.383788
vt 0.847031 0.449345
vt 0.840360 0.585337
vt 0.817069 0.449345
vt 0.818422 0.380722
vt 0.867478 0.612408
vt 0.817069 0.671890
vt 0.845054 0.714691
vt 0.876652 0.651813
vt 0.877102 0.684197
vt 0.876395 0.715290
vt 0.847791 0.753486
vt 0.866702 0.810104
vt 0.840973 0.837495
vt 0.853128 0.941319
vt 0.898368 0.910821
vt 0.899740 0.983700
vt 0.939068 0.951827
vt 0.941862 0.811476
vt 0.976143 0.934291
vt 0.972943 0.787043
vt 0.998759 0.768748
vt 0.999605 0.939977
vt 0.818768 0.773291
vt 0.817069 0.614393
vt 0.868446 0.559217
vt 0.910033 0.613002
vt 0.899290 0.669102
vt 0.931098 0.689175
vt 0.976424 0.686096
vt 0.977020 0.638624
vt 0.949174 0.603906
vt 0.909959 0.555468
vt 0.906290 0.449345
vt 0.874011 0.449345
vt 0.840360 0.585337
vt 0.817069 0.577322
vt 0.817069 0.449345
vt 0.588800 0.452163
vt 0.578969 0.393690
vt 0.538870 0.458424
vt 0.600035 0.380054
vt 0.618992 0.459456
vt 0.618847 0.355516
vt 0.602235 0.522317
vt 0.550180 0.520681
vt 0.483700 0.516298
vt 0.486687 0.448464
vt 0.426846 0.439348
vt 0.429275 0.516382
vt 0.489894 0.368530
vt 0.536489 0.416609
vt 0.941862 0.811476
vt 0.900519 0.740453
vt 0.896674 0.825244
vt 0.898368 0.910821
vt 0.866702 0.810104
vt 0.876395 0.715290
vt 0.877102 0.684197
vt 0.899509 0.705623
vt 0.899290 0.669102
vt 0.876652 0.651813
vt 0.968665 0.591290
vt 0.939670 0.449345
vt 0.966474 0.380514
vt 0.931681 0.383788
vt 0.220129 0.809568
vt 0.227415 0.844373
vt 0.213973 0.864085
vt 0.249748 0.826614
vt 0.229170 0.730084
vt 0.188228 0.722750
vt 0.187384 0.825212
vt 0.187876 0.864085
vt 0.154780 0.807920
vt 0.147904 0.729792
vt 0.124661 0.812049
vt 0.147840 0.833592
vt 0.170016 0.864085
vt 0.223257 0.648033
vt 0.188376 0.635975
vt 0.155989 0.647344
vt 0.127967 0.936297
vt 0.087897 0.933646
vt 0.130478 0.891060
vt 0.127832 0.994509
vt 0.086834 0.994509
vt 0.060821 0.933724
vt 0.053299 0.994509
vt 0.030576 0.946099
vt 0.012689 0.994509
vt 0.034331 0.906385
vt 0.060821 0.887525
vt 0.088423 0.887525
vt 0.168548 0.901666
vt 0.166093 0.941600
vt 0.204625 0.924645
vt 0.200682 0.953090
vt 0.231808 0.993741
vt 0.200964 0.994509
vt 0.166175 0.994509
vt 0.127967 0.936297
vt 0.130478 0.891060
vt 0.087897 0.933646
vt 0.127832 0.994509
vt 0.086834 0.994509
vt 0.060821 0.933724
vt 0.053299 0.994509
vt 0.030576 0.946099
vt 0.012689 0.994509
vt 0.034331 0.906385
vt 0.060821 0.887525
vt 0.088423 0.887525
vt 0.168548 0.901666
vt 0.166093 0.941600
vt 0.204625 0.924645
vt 0.200682 0.953090
vt 0.231808 0.993741
vt 0.200964 0.994509
vt 0.166175 0.994509
vt 0.034331 0.888438
vt 0.034331 0.888438
vt 0.998759 0.686085
vt 0.998759 0.768748
vt 0.972943 0.787043
vt 0.976424 0.686096
vt 0.977020 0.638624
vt 0.998759 0.626690
vt 0.968665 0.591290
vt 0.998759 0.593734
vt 0.965807 0.449345
vt 0.998759 0.449345
vt 0.982023 0.383788
vt 0.996530 0.380513
vt 0.966474 0.380514
vt 0.939670 0.449345
vt 0.949174 0.603906
vt 0.909959 0.555468
vt 0.906290 0.449345
vt 0.931681 0.383788
vt 0.905615 0.383788
vt 0.889245 0.380361
vt 0.874011 0.449345
vt 0.874318 0.383788
vt 0.847431 0.383788
vt 0.847031 0.449345
vt 0.840360 0.585337
vt 0.817069 0.449345
vt 0.818422 0.380722
vt 0.867478 0.612408
vt 0.845054 0.714691
vt 0.817069 0.671890
vt 0.876652 0.651813
vt 0.877102 0.684197
vt 0.876395 0.715290
vt 0.847791 0.753486
vt 0.866702 0.810104
vt 0.840973 0.837495
vt 0.853128 0.941319
vt 0.898368 0.910821
vt 0.899740 0.983700
vt 0.939068 0.951827
vt 0.941862 0.811476
vt 0.976143 0.934291
vt 0.972943 0.787043
vt 0.998759 0.768748
vt 0.999605 0.939977
vt 0.818768 0.773291
vt 0.817069 0.614393
vt 0.868446 0.559217
vt 0.910033 0.613002
vt 0.899290 0.669102
vt 0.931098 0.689175
vt 0.976424 0.686096
vt 0.896674 0.825244
vt 0.900519 0.740453
vt 0.899509 0.705623
vt 0.588800 0.452163
vt 0.538870 0.458424
vt 0.578969 0.393690
vt 0.600035 0.380054
vt 0.618992 0.459456
vt 0.618847 0.355516
vt 0.602235 0.522317
vt 0.550180 0.520681
vt 0.483700 0.516298
vt 0.486687 0.448464
vt 0.426846 0.439348
vt 0.429275 0.516382
vt 0.489894 0.368530
vt 0.536489 0.416609
vt 0.877102 0.684197
vt 0.876652 0.651813
vt 0.420830 0.228702
vt 0.483721 0.283766
vt 0.424517 0.347418
vt 0.494383 0.208975
vt 0.502664 0.129849
vt 0.421441 0.127246
vt 0.509281 0.017228
vt 0.553256 0.102724
vt 0.556326 0.019773
vt 0.579913 0.187628
vt 0.616856 0.190052
vt 0.618254 0.338750
vt 0.589130 0.370475
vt 0.362363 0.355614
vt 0.357311 0.250547
vt 0.343392 0.107922
vt 0.422311 0.015532
vt 0.343229 0.014027
vt 0.277745 0.110900
vt 0.277838 0.010928
vt 0.420830 0.228702
vt 0.424517 0.347418
vt 0.483721 0.283766
vt 0.494383 0.208975
vt 0.502664 0.129849
vt 0.421441 0.127246
vt 0.509281 0.017228
vt 0.553256 0.102724
vt 0.556326 0.019773
vt 0.579913 0.187628
vt 0.616856 0.190052
vt 0.618254 0.338750
vt 0.589130 0.370475
vt 0.489894 0.368530
vt 0.426846 0.439348
vt 0.362363 0.355614
vt 0.357311 0.250547
vt 0.343392 0.107922
vt 0.422311 0.015532
vt 0.343229 0.014027
vt 0.277745 0.110900
vt 0.277838 0.010928
vt 0.553256 0.102724
vt 0.494383 0.208975
vt 0.502664 0.129849
vt 0.977020 0.638624
vt 0.949174 0.603906
vt 0.968665 0.591290
vt 0.976424 0.686096
vt 0.910033 0.613002
vt 0.909959 0.555468
vt 0.868446 0.559217
vt 0.906290 0.449345
vt 0.874011 0.449345
vt 0.840360 0.585337
vt 0.817069 0.614393
vt 0.817069 0.577322
vt 0.817069 0.449345
vt 0.939670 0.449345
vt 0.931681 0.383788
vt 0.966474 0.380514
vt 0.220129 0.809568
vt 0.213973 0.864085
vt 0.227415 0.844373
vt 0.249748 0.826614
vt 0.229170 0.730084
vt 0.188228 0.722750
vt 0.187384 0.825212
vt 0.187876 0.864085
vt 0.154780 0.807920
vt 0.147904 0.729792
vt 0.124661 0.812049
vt 0.147840 0.833592
vt 0.170016 0.864085
vt 0.223257 0.648033
vt 0.188376 0.635975
vt 0.155989 0.647344
vt 0.698014 0.692024
vt 0.665129 0.738835
vt 0.662350 0.595234
vt 0.699161 0.594798
vt 0.734563 0.593923
vt 0.729716 0.780171
vt 0.767493 0.766023
vt 0.766180 0.865701
vt 0.811652 0.745866
vt 0.805848 0.828731
vt 0.803448 0.898187
vt 0.768209 0.986745
vt 0.730756 0.979096
vt 0.726531 0.884451
vt 0.694807 0.931261
vt 0.695329 0.815109
vt 0.658150 0.891095
vt 0.627491 0.666659
vt 0.627491 0.747812
vt 0.627491 0.831053
vt 0.766213 0.667752
vt 0.766326 0.574873
vt 0.811652 0.668911
vt 0.811652 0.575625
vt 0.766393 0.450092
vt 0.732947 0.450092
vt 0.699138 0.450092
vt 0.726833 0.383905
vt 0.738898 0.383905
vt 0.764919 0.377298
vt 0.787903 0.383255
vt 0.811652 0.450092
vt 0.814537 0.376754
vt 0.627491 0.574772
vt 0.627491 0.450092
vt 0.662350 0.595234
vt 0.665653 0.450092
vt 0.633538 0.377735
vt 0.650010 0.371281
vt 0.675615 0.383905
vt 0.698498 0.533326
vt 0.699161 0.594798
vt 0.734563 0.593923
vt 0.697949 0.383905
vt 0.766180 0.865701
vt 0.729716 0.780171
vt 0.119121 0.725018
vt 0.108646 0.755002
vt 0.108738 0.855146
vt 0.097882 0.779570
vt 0.089970 0.807574
vt 0.074659 0.822251
vt 0.065569 0.875514
vt 0.062435 0.818829
vt 0.063021 0.721209
vt 0.047957 0.819492
vt 0.035990 0.803243
vt 0.019675 0.845030
vt 0.018199 0.720063
vt 0.018201 0.652750
vt 0.002273 0.787327
vt 0.018064 0.758476
vt 0.029211 0.779006
vt 0.032486 0.652750
vt 0.065687 0.639264
vt 0.097011 0.656501
vt 0.111752 0.719615
vt 0.698014 0.692024
vt 0.662350 0.595234
vt 0.665129 0.738835
vt 0.699161 0.594798
vt 0.734563 0.593923
vt 0.729716 0.780171
vt 0.767493 0.766023
vt 0.766180 0.865701
vt 0.811652 0.745866
vt 0.805848 0.828731
vt 0.803448 0.898187
vt 0.768209 0.986745
vt 0.730756 0.979096
vt 0.726531 0.884451
vt 0.694807 0.931261
vt 0.695329 0.815109
vt 0.658150 0.891095
vt 0.627491 0.666659
vt 0.627491 0.574772
vt 0.627491 0.450092
vt 0.665653 0.450092
vt 0.633538 0.377735
vt 0.650010 0.371281
vt 0.675615 0.383905
vt 0.699138 0.450092
vt 0.698498 0.533326
vt 0.732947 0.450092
vt 0.766393 0.450092
vt 0.738898 0.383905
vt 0.726833 0.383905
vt 0.697949 0.383905
vt 0.766213 0.667752
vt 0.766326 0.574873
vt 0.811652 0.668911
vt 0.811652 0.575625
vt 0.787903 0.383255
vt 0.811652 0.450092
vt 0.764919 0.377298
vt 0.814537 0.376754
vt 0.627491 0.831053
vt 0.665129 0.738835
vt 0.627491 0.747812
vt 0.766180 0.865701
vt 0.729716 0.780171
vt 0.119121 0.725018
vt 0.108738 0.855146
vt 0.108646 0.755002
vt 0.097882 0.779570
vt 0.089970 0.807574
vt 0.074659 0.822251
vt 0.065569 0.875514
vt 0.062435 0.818829
vt 0.063021 0.721209
vt 0.047957 0.819492
vt 0.035990 0.803243
vt 0.019675 0.845030
vt 0.018199 0.720063
vt 0.002273 0.787327
vt 0.018201 0.652750
vt 0.018064 0.758476
vt 0.029211 0.779006
vt 0.032486 0.652750
vt 0.065687 0.639264
vt 0.097011 0.656501
vt 0.111752 0.719615
vt 0.209688 0.136153
vt 0.210882 0.008849
vt 0.277745 0.110900
vt 0.138765 0.008249
vt 0.163686 0.135651
vt 0.213306 0.237369
vt 0.252735 0.224880
vt 0.277347 0.343404
vt 0.303413 0.323068
vt 0.343125 0.442481
vt 0.374695 0.439757
vt 0.357632 0.520049
vt 0.383232 0.517051
vt 0.426846 0.439348
vt 0.424517 0.347418
vt 0.362363 0.355614
vt 0.277838 0.010928
vt 0.429275 0.516382
vt 0.209688 0.136153
vt 0.277745 0.110900
vt 0.210882 0.008849
vt 0.138765 0.008249
vt 0.163686 0.135651
vt 0.213306 0.237369
vt 0.252735 0.224880
vt 0.277347 0.343404
vt 0.303413 0.323068
vt 0.343125 0.442481
vt 0.374695 0.439757
vt 0.357632 0.520049
vt 0.383232 0.517051
vt 0.426846 0.439348
vt 0.424517 0.347418
vt 0.362363 0.355614
vt 0.277838 0.010928
vt 0.429275 0.516382
vt 0.337121 0.521001
vt 0.306847 0.450725
vt 0.214505 0.300569
vt 0.213306 0.237369
vt 0.277347 0.343404
vt 0.166586 0.238485
vt 0.163686 0.135651
vt 0.108734 0.105888
vt 0.102657 0.014544
vt 0.138765 0.008249
vt 0.052222 0.083631
vt 0.055736 0.018770
vt 0.010888 0.082999
vt 0.027536 0.104057
vt 0.003318 0.106563
vt 0.027309 0.126782
vt 0.054220 0.107730
vt 0.114003 0.150183
vt 0.186126 0.360172
vt 0.227890 0.420537
vt 0.267527 0.456760
vt 0.238475 0.480898
vt 0.281188 0.530689
vt 0.245880 0.544638
vt 0.210561 0.499214
vt 0.212693 0.586268
vt 0.183180 0.532908
vt 0.206041 0.443341
vt 0.166968 0.481803
vt 0.139203 0.535913
vt 0.138511 0.474462
vt 0.102504 0.503144
vt 0.070016 0.580882
vt 0.128411 0.614368
vt 0.181908 0.606688
vt 0.148771 0.426679
vt 0.175237 0.433062
vt 0.154016 0.331668
vt 0.166586 0.238485
vt 0.214505 0.300569
vt 0.306847 0.450725
vt 0.337121 0.521001
vt 0.357632 0.520049
vt 0.343125 0.442481
vt 0.306847 0.450725
vt 0.277347 0.343404
vt 0.214505 0.300569
vt 0.213306 0.237369
vt 0.166586 0.238485
vt 0.163686 0.135651
vt 0.108734 0.105888
vt 0.102657 0.014544
vt 0.138765 0.008249
vt 0.052222 0.083631
vt 0.055736 0.018770
vt 0.010888 0.082999
vt 0.027536 0.104057
vt 0.003318 0.106563
vt 0.027309 0.126782
vt 0.054220 0.107730
vt 0.114003 0.150183
vt 0.053435 0.128866
vt 0.092446 0.155727
vt 0.139203 0.535913
vt 0.102504 0.503144
vt 0.070016 0.580882
vt 0.128411 0.614368
vt 0.181908 0.606688
vt 0.183180 0.532908
vt 0.166968 0.481803
vt 0.138511 0.474462
vt 0.148771 0.426679
vt 0.175237 0.433062
vt 0.186126 0.360172
vt 0.227890 0.420537
vt 0.267527 0.456760
vt 0.238475 0.480898
vt 0.281188 0.530689
vt 0.306847 0.450725
vt 0.214505 0.300569
vt 0.337121 0.521001
vt 0.245880 0.544638
vt 0.210561 0.499214
vt 0.212693 0.586268
vt 0.206041 0.443341
vt 0.166586 0.238485
vt 0.154016 0.331668
vt 0.506655 0.652405
vt 0.506655 0.533830
vt 0.542090 0.566094
vt 0.555612 0.630278
vt 0.576714 0.755734
vt 0.506655 0.757908
vt 0.027309 0.126782
vt 0.002771 0.132370
vt 0.003318 0.106563
vt 0.053435 0.128866
vt 0.054220 0.107730
vt 0.114003 0.150183
vt 0.092446 0.155727
vt 0.506655 0.652405
vt 0.542090 0.566094
vt 0.506655 0.533830
vt 0.555612 0.630278
vt 0.576714 0.755734
vt 0.506655 0.757908
vt 0.027309 0.126782
vt 0.003318 0.106563
vt 0.002771 0.132370
vt 0.065193 0.353738
vt 0.064029 0.378059
vt 0.046387 0.378059
vt 0.060235 0.340648
vt 0.044052 0.328141
vt 0.011015 0.408101
vt 0.002925 0.345348
vt 0.026213 0.282165
vt 0.051863 0.265606
vt 0.080476 0.314754
vt 0.080476 0.336771
vt 0.094110 0.343725
vt 0.103078 0.331674
vt 0.114256 0.373591
vt 0.128405 0.297876
vt 0.091934 0.267154
vt 0.116771 0.225825
vt 0.089393 0.181059
vt 0.059140 0.207654
vt 0.102483 0.380673
vt 0.115872 0.404262
vt 0.148771 0.426679
vt 0.154016 0.331668
vt 0.166586 0.238485
vt 0.114003 0.150183
vt 0.092446 0.155727
vt 0.052916 0.131822
vt 0.061784 0.163891
vt 0.024963 0.175343
vt 0.002771 0.135925
vt 0.002771 0.179602
vt 0.030593 0.241470
vt 0.002771 0.240364
vt 0.016162 0.264385
vt 0.002771 0.285650
vt 0.002771 0.305978
vt 0.094110 0.378059
vt 0.089940 0.357413
vt 0.080476 0.351237
vt 0.072205 0.342733
vt 0.060235 0.340648
vt 0.065193 0.353738
vt 0.073454 0.355876
vt 0.080476 0.378059
vt 0.090458 0.403304
vt 0.092010 0.409600
vt 0.095654 0.421946
vt 0.111327 0.439885
vt 0.138511 0.474462
vt 0.102504 0.503144
vt 0.086661 0.456396
vt 0.040219 0.519815
vt 0.068340 0.454923
vt 0.021878 0.461365
vt 0.053439 0.416883
vt 0.068102 0.424609
vt 0.082207 0.435394
vt 0.080476 0.423755
vt 0.062627 0.405278
vt 0.046387 0.378059
vt 0.064029 0.378059
vt 0.068132 0.401269
vt 0.068045 0.363599
vt 0.080476 0.413433
vt 0.011015 0.408101
vt 0.070016 0.580882
vt 0.046387 0.378059
vt 0.011015 0.408101
vt 0.021878 0.461365
vt 0.044052 0.328141
vt 0.060235 0.340648
vt 0.080476 0.314754
vt 0.051863 0.265606
vt 0.026213 0.282165
vt 0.002925 0.345348
vt 0.002771 0.305978
vt 0.002771 0.285650
vt 0.016230 0.264278
vt 0.002771 0.240364
vt 0.030593 0.241470
vt 0.002771 0.179602
vt 0.024963 0.175343
vt 0.002771 0.135925
vt 0.052916 0.131822
vt 0.061784 0.163891
vt 0.089393 0.181059
vt 0.092446 0.155727
vt 0.114003 0.150183
vt 0.116771 0.225825
vt 0.091934 0.267154
vt 0.059140 0.207654
vt 0.103078 0.331674
vt 0.128405 0.297876
vt 0.166586 0.238485
vt 0.154016 0.331668
vt 0.148771 0.426679
vt 0.114256 0.373591
vt 0.094110 0.343725
vt 0.080476 0.336771
vt 0.089940 0.357413
vt 0.094110 0.378059
vt 0.102483 0.380673
vt 0.115872 0.404262
vt 0.138511 0.474462
vt 0.111327 0.439885
vt 0.102504 0.503144
vt 0.086661 0.456396
vt 0.040219 0.519815
vt 0.070016 0.580882
vt 0.068340 0.454923
vt 0.021878 0.461365
vt 0.082207 0.435394
vt 0.068102 0.424609
vt 0.080476 0.423755
vt 0.062627 0.405278
vt 0.053439 0.416883
vt 0.046387 0.378059
vt 0.064029 0.378059
vt 0.068132 0.401269
vt 0.080476 0.378059
vt 0.068045 0.363599
vt 0.073454 0.355876
vt 0.080476 0.351237
vt 0.090458 0.403304
vt 0.092010 0.409600
vt 0.095654 0.421946
vt 0.080476 0.413433
vt 0.065193 0.353738
vt 0.060235 0.340648
vt 0.072205 0.342733
vt 0.080476 0.314754
vt 0.080476 0.336771
vt 0.089940 0.357413
vt 0.561510 0.888950
vt 0.506655 0.971733
vt 0.576714 0.755734
vt 0.506655 0.757908
vt 0.059140 0.207654
vt 0.089393 0.181059
vt 0.061784 0.163891
vt 0.024963 0.175343
vt 0.030593 0.241470
vt 0.051863 0.265606
vt 0.026213 0.282165
vt 0.016230 0.264278
vt 0.561510 0.888950
vt 0.576714 0.755734
vt 0.506655 0.971733
vt 0.506655 0.757908
vt 0.377401 0.922426
vt 0.377352 0.826102
vt 0.399327 0.848917
vt 0.407286 0.990545
vt 0.430401 0.876625
vt 0.463589 0.996168
vt 0.468571 0.895095
vt 0.495612 0.908894
vt 0.470411 0.810568
vt 0.495733 0.820134
vt 0.459098 0.712947
vt 0.484924 0.704260
vt 0.462458 0.603679
vt 0.438954 0.628135
vt 0.424833 0.567315
vt 0.426104 0.540329
vt 0.396826 0.575374
vt 0.409754 0.630307
vt 0.430077 0.747777
vt 0.399112 0.729587
vt 0.379551 0.703788
vt 0.346829 0.953500
vt 0.361615 0.824576
vt 0.305594 0.896207
vt 0.300944 0.765019
vt 0.350678 0.704554
vt 0.332823 0.593079
vt 0.307296 0.550667
vt 0.271103 0.583130
vt 0.260620 0.682703
vt 0.254212 0.819332
vt 0.254771 0.910169
vt 0.377401 0.922426
vt 0.399327 0.848917
vt 0.377352 0.826102
vt 0.407286 0.990545
vt 0.430401 0.876625
vt 0.463589 0.996168
vt 0.468571 0.895095
vt 0.495612 0.908894
vt 0.470411 0.810568
vt 0.495733 0.820134
vt 0.459098 0.712947
vt 0.484924 0.704260
vt 0.462458 0.603679
vt 0.438954 0.628135
vt 0.424833 0.567315
vt 0.426104 0.540329
vt 0.396826 0.575374
vt 0.409754 0.630307
vt 0.430077 0.747777
vt 0.399112 0.729587
vt 0.379551 0.703788
vt 0.346829 0.953500
vt 0.305594 0.896207
vt 0.361615 0.824576
vt 0.300944 0.765019
vt 0.350678 0.704554
vt 0.332823 0.593079
vt 0.307296 0.550667
vt 0.271103 0.583130
vt 0.260620 0.682703
vt 0.254212 0.819332
vt 0.254771 0.910169
vn 0.0302 0.5701 -0.8210
vn 0.0673 0.4182 -0.9059
vn 0.1556 0.4503 -0.8792
vn -0.0189 0.5600 -0.8283
vn -0.0054 0.5379 -0.8430
vn 0.0000 0.3335 -0.9427
vn -0.4876 -0.0318 -0.8725
vn 0.0000 -0.1136 -0.9935
vn -0.3901 -0.3647 -0.8455
vn 0.0489 -0.4594 -0.8869
vn -0.0001 -0.5698 -0.8218
vn 0.1443 -0.5872 -0.7965
vn -0.6177 -0.4046 -0.6744
vn -0.9951 0.0971 -0.0165
vn -0.9939 0.0643 0.0893
vn -0.9488 0.1217 0.2916
vn -0.6199 0.6335 0.4630
vn -0.7737 0.5738 0.2685
vn -0.5169 0.6675 0.5360
vn 0.0220 0.7581 0.6518
vn 0.5889 0.5992 0.5424
vn 0.4798 0.6027 0.6376
vn 0.9180 0.2919 0.2684
vn 0.9973 0.0143 -0.0720
vn 0.9993 -0.0381 -0.0030
vn 0.8913 -0.1686 -0.4210
vn 0.9210 -0.2870 -0.2635
vn 0.7431 -0.5361 0.4006
vn 0.9879 -0.1148 -0.1039
vn 0.8785 -0.3509 0.3242
vn 0.3661 -0.7279 0.5798
vn 0.7688 -0.3383 0.5427
vn 0.3683 -0.5669 0.7369
vn -0.3767 -0.5531 0.7431
vn -0.9000 -0.1582 0.4062
vn -0.8360 -0.1462 0.5289
vn -0.9434 0.2464 0.2219
vn -0.9238 0.3829 0.0043
vn -0.8526 0.5225 -0.0018
vn -0.8840 0.3921 -0.2546
vn -0.8507 0.2695 -0.4513
vn -0.5140 0.1003 -0.8519
vn -0.4412 0.2575 -0.8597
vn -0.1831 -0.0493 -0.9819
vn -0.4254 -0.1182 -0.8973
vn 0.9798 -0.1557 -0.1258
vn 0.9523 0.0354 -0.3030
vn 0.3864 -0.1668 0.9071
vn -0.6759 -0.5880 0.4443
vn -0.7159 -0.6112 0.3375
vn -0.9779 -0.2017 -0.0553
vn -0.9729 0.0532 -0.2250
vn -0.9805 0.0823 -0.1783
vn -0.9995 0.0101 -0.0292
vn -0.4488 -0.2373 0.8615
vn 0.0019 0.2875 0.9578
vn 0.4846 0.2991 0.8220
vn 0.9963 0.0844 -0.0158
vn 0.9648 -0.0012 -0.2630
vn 0.9565 -0.0928 -0.2765
vn -0.4983 0.8174 -0.2891
vn -0.6699 0.6925 -0.2677
vn -0.4966 0.8676 -0.0259
vn -0.6073 0.5464 -0.5767
vn -0.5196 0.6704 -0.5297
vn -0.4633 0.4272 -0.7764
vn -0.2980 0.9287 -0.2207
vn -0.2747 0.9588 -0.0726
vn -0.2969 0.9505 0.0915
vn -0.5729 0.8143 0.0931
vn -0.4698 0.8808 0.0591
vn -0.3113 0.9462 0.0881
vn -0.7410 0.6675 0.0734
vn -0.7072 0.7061 0.0353
vn -0.9944 0.0814 -0.0669
vn -0.9090 -0.2723 0.3155
vn -0.9867 0.1228 0.1067
vn -0.9739 0.1994 0.1079
vn -0.9085 -0.0868 0.4088
vn -0.6075 -0.5576 0.5657
vn -0.4724 -0.6151 0.6313
vn -0.8133 -0.4219 0.4008
vn -0.6370 -0.6193 0.4590
vn -0.2726 -0.7931 0.5446
vn -0.9823 0.1661 -0.0871
vn -0.9530 -0.1298 -0.2739
vn -0.9530 -0.1298 -0.2739
vn -0.9530 -0.1298 -0.2739
vn 0.5705 -0.3180 0.7572
vn 0.5283 0.2651 0.8066
vn 0.3286 0.2524 0.9101
vn 0.9545 0.0738 0.2889
vn 0.7463 -0.6643 0.0426
vn -0.0018 -1.0000 -0.0072
vn -0.0009 -0.5667 0.8239
vn -0.0011 0.2047 0.9788
vn -0.6089 -0.3689 0.7022
vn -0.7431 -0.6691 0.0108
vn -0.9830 -0.0259 0.1817
vn -0.6279 0.1490 0.7639
vn -0.2793 0.2247 0.9336
vn 0.5170 -0.8142 -0.2642
vn -0.0000 -0.9731 -0.2302
vn -0.5039 -0.8201 -0.2711
vn 0.9972 -0.0170 -0.0730
vn 0.9995 0.0076 -0.0292
vn 0.7001 -0.7131 -0.0358
vn 0.7127 0.7009 -0.0300
vn 0.6949 0.7191 -0.0060
vn 0.9746 0.0684 -0.2134
vn 0.6027 0.7908 -0.1065
vn 0.7920 0.5932 -0.1445
vn 0.5014 0.8644 -0.0363
vn 0.7906 -0.5111 -0.3372
vn 0.6570 -0.6812 -0.3230
vn 0.7407 -0.6693 -0.0586
vn 0.7107 -0.6952 -0.1076
vn 0.9702 -0.1630 -0.1791
vn 0.7248 -0.6341 -0.2694
vn 0.9134 0.2435 -0.3261
vn 0.8764 0.0763 -0.4755
vn 0.6401 0.7296 -0.2407
vn 0.7072 0.6991 -0.1055
vn -0.9972 -0.0170 -0.0730
vn -0.7001 -0.7131 -0.0358
vn -0.9995 0.0076 -0.0292
vn -0.7127 0.7009 -0.0300
vn -0.6949 0.7191 -0.0060
vn -0.9746 0.0684 -0.2134
vn -0.6027 0.7908 -0.1065
vn -0.7920 0.5932 -0.1445
vn -0.5014 0.8644 -0.0363
vn -0.7906 -0.5111 -0.3372
vn -0.6570 -0.6812 -0.3230
vn -0.7407 -0.6693 -0.0586
vn -0.7107 -0.6952 -0.1076
vn -0.9702 -0.1630 -0.1791
vn -0.7248 -0.6341 -0.2694
vn -0.9134 0.2435 -0.3261
vn -0.8764 0.0763 -0.4755
vn -0.6401 0.7296 -0.2407
vn -0.7072 0.6991 -0.1055
vn 0.4915 -0.8487 -0.1953
vn -0.4915 -0.8487 -0.1953
vn -0.0302 0.5701 -0.8210
vn -0.1556 0.4503 -0.8792
vn -0.0673 0.4182 -0.9059
vn 0.0189 0.5600 -0.8283
vn 0.0054 0.5379 -0.8430
vn 0.0000 0.3335 -0.9427
vn 0.4876 -0.0318 -0.8725
vn 0.0000 -0.1136 -0.9935
vn 0.3901 -0.3647 -0.8455
vn -0.0489 -0.4594 -0.8869
vn 0.0001 -0.5698 -0.8218
vn -0.1443 -0.5872 -0.7965
vn 0.6177 -0.4046 -0.6744
vn 0.9951 0.0971 -0.0165
vn 0.9939 0.0643 0.0893
vn 0.9488 0.1217 0.2916
vn 0.6199 0.6335 0.4630
vn 0.7737 0.5738 0.2685
vn 0.5169 0.6675 0.5360
vn -0.0220 0.7581 0.6518
vn -0.5889 0.5992 0.5424
vn -0.4798 0.6027 0.6376
vn -0.9180 0.2919 0.2684
vn -0.9973 0.0143 -0.0720
vn -0.9993 -0.0381 -0.0030
vn -0.8913 -0.1686 -0.4210
vn -0.9210 -0.2870 -0.2635
vn -0.7431 -0.5361 0.4006
vn -0.8785 -0.3509 0.3242
vn -0.9879 -0.1148 -0.1039
vn -0.3661 -0.7279 0.5798
vn 0.0096 -0.6053 0.7959
vn 0.1425 -0.6472 0.7489
vn 0.3767 -0.5531 0.7431
vn 0.9042 -0.1280 0.4075
vn 0.8360 -0.1462 0.5289
vn 0.9434 0.2464 0.2219
vn 0.9456 0.3230 0.0393
vn 0.8526 0.5225 -0.0018
vn 0.8840 0.3921 -0.2546
vn 0.9294 0.2013 -0.3095
vn 0.5140 0.1003 -0.8519
vn 0.4412 0.2575 -0.8597
vn 0.1831 -0.0493 -0.9819
vn 0.4254 -0.1182 -0.8973
vn -0.9798 -0.1557 -0.1258
vn -0.9339 -0.0198 -0.3570
vn -0.5589 -0.5803 0.5924
vn 0.5479 -0.7192 0.4272
vn 0.6696 -0.6177 0.4124
vn 0.9779 -0.2017 -0.0553
vn 0.9411 0.0702 -0.3309
vn 0.9867 0.1228 0.1067
vn 0.9090 -0.2723 0.3155
vn 0.8133 -0.4219 0.4008
vn 0.4983 0.8174 -0.2891
vn 0.4966 0.8676 -0.0259
vn 0.6699 0.6925 -0.2677
vn 0.6073 0.5464 -0.5767
vn 0.5196 0.6704 -0.5297
vn 0.4633 0.4272 -0.7764
vn 0.2980 0.9287 -0.2207
vn 0.2747 0.9588 -0.0726
vn 0.2969 0.9505 0.0915
vn 0.5729 0.8143 0.0931
vn 0.5734 0.8163 0.0693
vn 0.3113 0.9462 0.0881
vn 0.8615 0.5056 0.0465
vn 0.7072 0.7061 0.0353
vn 0.2726 -0.7931 0.5446
vn 0.2726 -0.7931 0.5446
vn 0.9680 -0.2425 -0.0647
vn 0.9951 -0.0416 -0.0900
vn 0.9872 0.1590 0.0130
vn 0.9257 -0.3483 -0.1472
vn 0.6052 -0.7821 -0.1486
vn 0.5969 -0.8018 -0.0279
vn 0.2862 -0.9398 -0.1865
vn 0.2690 -0.8974 -0.3497
vn 0.2081 -0.8391 -0.5027
vn 0.1967 -0.4918 -0.8482
vn 0.1493 -0.4801 -0.8644
vn 0.1761 -0.1547 -0.9721
vn 0.1838 -0.1507 -0.9713
vn 0.9972 0.0736 -0.0111
vn 0.9283 -0.3712 0.0229
vn 0.4763 -0.8708 0.1217
vn 0.3499 -0.9366 -0.0164
vn 0.3612 -0.9139 0.1851
vn 0.3469 -0.9014 0.2591
vn 0.3169 -0.9071 0.2769
vn -0.9680 -0.2425 -0.0647
vn -0.9872 0.1590 0.0130
vn -0.9951 -0.0416 -0.0900
vn -0.9009 -0.3850 -0.2005
vn -0.6649 -0.7239 -0.1839
vn -0.5969 -0.8018 -0.0279
vn -0.2862 -0.9398 -0.1865
vn -0.4354 -0.8269 -0.3560
vn -0.2081 -0.8391 -0.5027
vn -0.1967 -0.4918 -0.8482
vn -0.1493 -0.4801 -0.8644
vn -0.1761 -0.1547 -0.9721
vn -0.1838 -0.1507 -0.9713
vn -0.9488 0.3153 0.0166
vn -0.8251 0.5574 0.0929
vn -0.9972 0.0736 -0.0111
vn -0.9283 -0.3712 0.0229
vn -0.4763 -0.8708 0.1217
vn -0.3499 -0.9366 -0.0164
vn -0.3612 -0.9139 0.1851
vn -0.3469 -0.9014 0.2591
vn -0.3169 -0.9071 0.2769
vn 0.8391 -0.4519 -0.3027
vn 0.8391 -0.4519 -0.3027
vn 0.8391 -0.4519 -0.3027
vn 0.9805 0.0823 -0.1783
vn 0.9995 0.0101 -0.0292
vn 0.9823 0.1661 -0.0871
vn 0.9965 0.0292 -0.0778
vn 0.8408 -0.3177 0.4384
vn 0.4488 -0.2373 0.8615
vn -0.2575 0.0583 0.9645
vn -0.0019 0.2875 0.9578
vn -0.4846 0.2991 0.8220
vn -0.9963 0.0844 -0.0158
vn -0.9647 0.0904 -0.2472
vn -0.9648 -0.0012 -0.2630
vn -0.9565 -0.0928 -0.2765
vn 0.9530 -0.1298 -0.2739
vn 0.9530 -0.1298 -0.2739
vn 0.9530 -0.1298 -0.2739
vn -0.5705 -0.3180 0.7572
vn -0.3286 0.2524 0.9101
vn -0.5283 0.2651 0.8066
vn -0.9545 0.0738 0.2889
vn -0.7463 -0.6643 0.0426
vn 0.0018 -1.0000 -0.0072
vn 0.0009 -0.5667 0.8239
vn 0.0011 0.2047 0.9788
vn 0.6089 -0.3689 0.7022
vn 0.7431 -0.6691 0.0108
vn 0.9830 -0.0259 0.1817
vn 0.6279 0.1490 0.7639
vn 0.2793 0.2247 0.9336
vn -0.5170 -0.8142 -0.2642
vn 0.0000 -0.9731 -0.2302
vn 0.5039 -0.8201 -0.2711
vn 0.2012 0.0044 0.9795
vn -0.5999 -0.4566 0.6569
vn -0.9173 -0.0493 0.3951
vn 0.1062 0.0870 0.9905
vn 0.9723 -0.0102 0.2337
vn 0.9167 0.0020 0.3996
vn 0.7490 -0.2344 -0.6197
vn 0.8748 -0.1591 -0.4577
vn 0.3766 -0.4755 -0.7950
vn 0.6234 -0.6181 -0.4789
vn 0.6368 -0.2196 -0.7391
vn 0.8791 0.2092 -0.4284
vn 0.9681 0.2311 0.0972
vn 0.9437 0.0999 0.3154
vn 0.8512 0.0138 0.5247
vn 0.5802 -0.1197 0.8056
vn 0.4845 -0.3117 0.8174
vn -0.9816 -0.0619 -0.1808
vn -0.6151 -0.7867 0.0529
vn 0.1556 -0.9606 0.2304
vn 0.7148 -0.2543 -0.6515
vn 0.5843 -0.2772 -0.7627
vn 0.0996 -0.3236 -0.9409
vn 0.0534 -0.2738 -0.9603
vn 0.6780 -0.3070 -0.6679
vn 0.9304 0.3085 0.1980
vn 0.0227 0.5982 0.8010
vn 0.6365 0.6491 0.4167
vn 0.9907 0.1078 -0.0827
vn 0.6505 -0.4629 -0.6021
vn -0.0159 -0.6219 -0.7829
vn -0.0626 -0.5089 -0.8586
vn -0.2055 -0.6491 -0.7325
vn -0.9819 -0.0666 -0.1771
vn -0.9770 -0.1049 -0.1857
vn -0.9029 0.0482 0.4272
vn -0.9852 0.1246 0.1174
vn -0.9519 -0.1229 -0.2805
vn -0.9966 0.0573 -0.0598
vn -0.6626 0.5788 0.4754
vn 0.0978 0.2202 0.9705
vn 0.1031 0.1217 0.9872
vn 0.7520 0.1468 0.6426
vn -0.0032 0.7449 0.6671
vn 0.9908 0.0848 0.1050
vn 0.9908 0.0848 0.1050
vn -0.9276 0.3403 0.1539
vn -0.7017 -0.6074 0.3725
vn -0.7346 0.2037 0.6472
vn -0.6289 -0.6459 0.4328
vn -0.5950 -0.6052 0.5290
vn -0.1999 -0.3424 0.9181
vn 0.0273 0.3086 0.9508
vn 0.0404 -0.5633 0.8253
vn 0.0083 -0.9993 0.0362
vn 0.3043 -0.3522 0.8851
vn 0.6503 -0.6048 0.4597
vn 0.7540 0.1768 0.6327
vn 0.7839 -0.6088 -0.1220
vn 0.9323 0.1006 -0.3473
vn 0.9886 0.1498 -0.0171
vn 0.8158 -0.4697 0.3374
vn 0.6238 -0.6481 0.4369
vn 0.1066 -0.9853 -0.1338
vn -0.0076 -0.9799 -0.1992
vn -0.1034 -0.9855 -0.1347
vn -0.1713 -0.9848 -0.0285
vn -0.2012 0.0044 0.9795
vn 0.9103 0.0062 0.4139
vn 0.5020 -0.2374 0.8316
vn -0.1046 0.1044 0.9890
vn -0.9449 0.0233 0.3264
vn -0.9167 0.0020 0.3996
vn -0.7490 -0.2344 -0.6197
vn -0.8748 -0.1591 -0.4577
vn -0.3766 -0.4755 -0.7950
vn -0.6234 -0.6181 -0.4789
vn -0.6368 -0.2196 -0.7391
vn -0.8791 0.2092 -0.4284
vn -0.9681 0.2311 0.0972
vn -0.9437 0.0999 0.3154
vn -0.8512 0.0138 0.5247
vn -0.5802 -0.1197 0.8056
vn -0.4845 -0.3117 0.8174
vn 0.9816 -0.0619 -0.1808
vn 0.9819 -0.0666 -0.1771
vn 0.9770 -0.1049 -0.1857
vn 0.9852 0.1246 0.1174
vn 0.9519 -0.1229 -0.2805
vn 0.9966 0.0573 -0.0598
vn 0.6626 0.5788 0.4754
vn -0.0227 0.5982 0.8010
vn -0.0978 0.2202 0.9705
vn -0.9304 0.3085 0.1980
vn -0.6780 -0.3070 -0.6679
vn -0.9907 0.1078 -0.0827
vn -0.6365 0.6491 0.4167
vn 0.0032 0.7449 0.6671
vn -0.7148 -0.2543 -0.6515
vn -0.5843 -0.2772 -0.7627
vn -0.0996 -0.3236 -0.9409
vn -0.0534 -0.2738 -0.9603
vn 0.0159 -0.6219 -0.7829
vn 0.0626 -0.5089 -0.8586
vn -0.6505 -0.4629 -0.6021
vn 0.2055 -0.6491 -0.7325
vn -0.1556 -0.9606 0.2304
vn 0.6151 -0.7867 0.0529
vn 0.6151 -0.7867 0.0529
vn -0.9908 0.0848 0.1050
vn -0.9908 0.0848 0.1050
vn 0.9276 0.3403 0.1539
vn 0.7346 0.2037 0.6472
vn 0.7017 -0.6074 0.3725
vn 0.6289 -0.6459 0.4328
vn 0.5950 -0.6052 0.5290
vn 0.1999 -0.3424 0.9181
vn -0.0273 0.3086 0.9508
vn -0.0404 -0.5633 0.8253
vn -0.0083 -0.9993 0.0362
vn -0.3043 -0.3522 0.8851
vn -0.6503 -0.6048 0.4597
vn -0.7540 0.1768 0.6327
vn -0.7839 -0.6088 -0.1220
vn -0.9886 0.1498 -0.0171
vn -0.9323 0.1006 -0.3473
vn -0.8158 -0.4697 0.3374
vn -0.6238 -0.6481 0.4369
vn -0.1066 -0.9853 -0.1338
vn 0.0076 -0.9799 -0.1992
vn 0.1034 -0.9855 -0.1347
vn 0.1713 -0.9848 -0.0285
vn 0.5079 -0.2434 0.8263
vn 0.3485 -0.4195 0.8382
vn 0.3544 -0.5032 0.7882
vn 0.3217 -0.2444 0.9148
vn 0.5798 -0.2020 0.7893
vn 0.8411 0.0275 0.5402
vn 0.8801 0.1850 0.4372
vn 0.9410 0.3360 -0.0398
vn 0.8929 0.4499 0.0168
vn 0.6667 0.6242 -0.4074
vn 0.6798 0.7272 -0.0949
vn 0.3495 0.8249 -0.4443
vn 0.3398 0.9319 -0.1270
vn 0.5198 0.8531 -0.0449
vn 0.8464 0.5320 0.0223
vn 0.8725 0.4886 -0.0043
vn 0.3622 -0.4979 0.7880
vn 0.3149 0.9459 -0.0782
vn -0.5079 -0.2434 0.8263
vn -0.3544 -0.5032 0.7882
vn -0.3485 -0.4195 0.8382
vn -0.3217 -0.2444 0.9148
vn -0.5798 -0.2020 0.7893
vn -0.8411 0.0275 0.5402
vn -0.8801 0.1850 0.4372
vn -0.9292 0.3499 0.1190
vn -0.8929 0.4499 0.0168
vn -0.7323 0.6630 -0.1556
vn -0.6798 0.7272 -0.0949
vn -0.3514 0.8960 -0.2714
vn -0.3398 0.9319 -0.1270
vn -0.5198 0.8531 -0.0449
vn -0.8464 0.5320 0.0223
vn -0.8725 0.4886 -0.0043
vn -0.3622 -0.4979 0.7880
vn -0.3149 0.9459 -0.0782
vn 0.2963 0.4854 -0.8226
vn 0.5951 0.3771 -0.7097
vn 0.9901 0.0091 -0.1398
vn 0.9493 -0.0845 0.3028
vn 0.9951 -0.0176 0.0976
vn 0.9128 -0.2310 0.3367
vn 0.5605 -0.5323 0.6344
vn 0.7193 -0.5855 0.3739
vn 0.2505 -0.8956 0.3676
vn 0.2281 -0.6699 0.7065
vn 0.5112 -0.8135 0.2772
vn 0.2489 -0.9547 0.1629
vn 0.2108 -0.8440 0.4932
vn 0.5578 -0.4295 0.7102
vn 0.1996 -0.3481 0.9160
vn 0.6177 0.0543 0.7846
vn 0.8713 -0.2789 0.4037
vn 0.8511 -0.4096 0.3282
vn 0.9991 -0.0397 -0.0118
vn 0.8194 0.2374 -0.5218
vn 0.5793 0.2856 -0.7634
vn 0.3890 0.6195 -0.6819
vn 0.2638 0.3852 -0.8843
vn 0.2382 0.7575 -0.6078
vn 0.2983 0.8783 -0.3737
vn 0.1965 0.9439 -0.2654
vn 0.3516 0.9355 -0.0343
vn 0.5068 0.7953 -0.3327
vn 0.5852 0.7853 0.2020
vn 0.3714 0.8489 0.3760
vn 0.7600 0.5474 0.3503
vn 0.4253 0.7383 0.5234
vn 0.1873 0.8143 0.5494
vn 0.1643 0.9096 0.3816
vn 0.1740 0.9815 0.0802
vn 0.9897 0.1151 0.0848
vn 0.9830 0.1831 0.0146
vn 0.9875 -0.1494 0.0502
vn 0.9702 -0.2419 0.0119
vn 0.9143 0.2168 -0.3420
vn 0.9143 0.2168 -0.3420
vn -0.2967 0.5851 -0.7547
vn -0.3083 0.5945 -0.7426
vn -0.5506 0.5388 -0.6377
vn -0.7688 0.4274 -0.4757
vn -0.9680 0.1995 -0.1522
vn -0.9781 0.0498 -0.2023
vn -0.9493 -0.0845 0.3028
vn -0.8929 -0.2425 0.3794
vn -0.5605 -0.5323 0.6344
vn -0.7193 -0.5855 0.3739
vn -0.2505 -0.8956 0.3676
vn -0.2281 -0.6699 0.7065
vn -0.5112 -0.8135 0.2772
vn -0.2489 -0.9547 0.1629
vn -0.2108 -0.8440 0.4932
vn -0.5578 -0.4295 0.7102
vn -0.1996 -0.3481 0.9160
vn -0.7283 0.1445 0.6698
vn -0.8997 -0.0894 0.4272
vn -0.9167 0.1669 0.3632
vn -0.6985 0.6469 0.3060
vn 0.0046 0.9945 -0.1043
vn -0.3714 0.8489 0.3760
vn -0.4253 0.7383 0.5234
vn -0.1873 0.8143 0.5494
vn -0.1643 0.9096 0.3816
vn -0.1740 0.9815 0.0802
vn -0.3516 0.9355 -0.0343
vn -0.5852 0.7853 0.2020
vn -0.7600 0.5474 0.3503
vn -0.9897 0.1151 0.0848
vn -0.9830 0.1831 0.0146
vn -0.9991 -0.0397 -0.0118
vn -0.8194 0.2374 -0.5218
vn -0.5793 0.2856 -0.7634
vn -0.3890 0.6195 -0.6819
vn -0.2638 0.3852 -0.8843
vn -0.5321 0.2646 -0.8043
vn -0.9953 0.0188 -0.0951
vn -0.2823 0.2647 -0.9221
vn -0.2382 0.7575 -0.6078
vn -0.2983 0.8783 -0.3737
vn -0.1965 0.9439 -0.2654
vn -0.5068 0.7953 -0.3327
vn -0.9733 -0.2122 0.0873
vn -0.9875 -0.1494 0.0502
vn 0.3569 0.9341 0.0018
vn 0.1885 0.8887 0.4180
vn 0.3346 0.8793 0.3390
vn 0.5025 0.8477 0.1701
vn 0.3315 0.8633 -0.3807
vn 0.0468 0.6589 -0.7507
vn 0.6241 0.2223 0.7491
vn 0.2624 0.1043 0.9593
vn 0.2624 0.1043 0.9593
vn 0.6985 0.6469 0.3060
vn 0.8559 0.2930 0.4261
vn 0.5337 0.8158 0.2228
vn -0.0046 0.9945 -0.1043
vn -0.3569 0.9341 0.0018
vn -0.3346 0.8793 0.3390
vn -0.1885 0.8887 0.4180
vn -0.5025 0.8477 0.1701
vn -0.3315 0.8633 -0.3807
vn -0.0468 0.6589 -0.7507
vn -0.2624 0.1043 0.9593
vn -0.2624 0.1043 0.9593
vn -0.2624 0.1043 0.9593
vn 0.5443 -0.0056 0.8389
vn 0.6989 0.2790 0.6586
vn 0.6303 0.3138 0.7101
vn 0.6412 0.1636 0.7498
vn 0.6101 0.6220 0.4907
vn 0.3216 0.6925 0.6457
vn 0.3797 0.7649 0.5203
vn 0.6356 0.4407 0.6338
vn 0.8546 0.2132 0.4736
vn 0.7000 0.0836 0.7093
vn 0.4028 -0.0757 0.9122
vn 0.6205 -0.1223 0.7746
vn 0.6450 -0.0955 0.7582
vn 0.7405 -0.1314 0.6590
vn 0.8597 -0.1694 0.4819
vn 0.8582 -0.0105 0.5132
vn 0.8363 -0.4004 0.3746
vn 0.7028 -0.6960 0.1473
vn 0.8493 -0.3317 0.4107
vn 0.6273 -0.2204 0.7469
vn 0.7902 -0.1084 0.6032
vn 0.8958 -0.0658 0.4396
vn 0.9464 -0.2101 0.2454
vn 0.8756 -0.4147 0.2478
vn 0.5695 -0.7978 0.1980
vn 0.1566 -0.9853 -0.0681
vn 0.3061 -0.9518 0.0173
vn 0.6151 -0.7587 0.2147
vn 0.2941 -0.8701 0.3956
vn -0.2215 -0.9701 -0.0996
vn 0.1686 -0.8205 0.5462
vn 0.6102 -0.3066 0.7305
vn 0.3621 -0.4177 0.8333
vn 0.5264 -0.0753 0.8469
vn 0.4254 0.2703 0.8637
vn 0.4936 0.7100 0.5022
vn 0.2313 -0.1381 0.9630
vn 0.2423 0.3609 0.9006
vn 0.2902 0.5641 0.7730
vn 0.3252 0.0511 0.9443
vn 0.1582 -0.3785 0.9120
vn 0.4880 0.1835 0.8533
vn 0.4525 0.5259 0.7202
vn 0.3223 0.0933 0.9420
vn 0.1088 -0.5555 0.8244
vn 0.3664 -0.4046 0.8379
vn 0.6407 -0.0046 0.7677
vn 0.7521 0.2822 0.5956
vn 0.8163 0.2546 0.5184
vn 0.4433 0.5332 0.7205
vn 0.4524 0.3418 0.8237
vn 0.1744 0.4176 0.8917
vn 0.3066 -0.1160 0.9447
vn 0.2827 0.0150 0.9591
vn 0.3534 -0.3008 0.8858
vn 0.4442 -0.4935 0.7477
vn 0.4165 -0.2353 0.8781
vn 0.3406 -0.5195 0.7836
vn 0.5614 -0.4226 0.7115
vn 0.4984 0.0055 0.8669
vn 0.8189 -0.0609 0.5707
vn 0.6436 -0.5746 0.5057
vn 0.6572 0.4502 0.6045
vn 0.1971 -0.6460 0.7375
vn 0.4339 0.3786 0.8176
vn 0.1905 0.5714 0.7983
vn -0.5788 0.5307 0.6192
vn -0.3648 0.5973 0.7143
vn -0.4339 0.3786 0.8176
vn -0.6101 0.6220 0.4907
vn -0.7741 0.5716 0.2721
vn -0.7608 0.1557 0.6301
vn -0.8672 0.3294 0.3736
vn -0.5369 0.6026 0.5904
vn -0.3797 0.7649 0.5203
vn -0.4936 0.7100 0.5022
vn -0.4260 0.2696 0.8636
vn -0.4236 -0.0951 0.9008
vn -0.3627 -0.4181 0.8329
vn -0.3733 -0.5110 0.7743
vn -0.1686 -0.8205 0.5462
vn -0.0774 -0.9555 0.2848
vn 0.2215 -0.9701 -0.0996
vn -0.3061 -0.9518 0.0173
vn -0.5264 -0.8367 0.1513
vn -0.6870 -0.7121 0.1447
vn -0.1566 -0.9853 -0.0681
vn -0.5695 -0.7978 0.1980
vn -0.8363 -0.4004 0.3746
vn -0.8582 -0.0105 0.5132
vn -0.9734 -0.0157 0.2286
vn -0.6450 -0.0956 0.7582
vn -0.8597 -0.1694 0.4819
vn -0.8756 -0.4147 0.2478
vn -0.9464 -0.2101 0.2454
vn -0.8958 -0.0658 0.4396
vn -0.7406 -0.1314 0.6590
vn -0.6205 -0.1223 0.7746
vn -0.4631 -0.2962 0.8353
vn -0.2066 0.3562 0.9113
vn -0.2313 -0.1381 0.9630
vn -0.6273 -0.2204 0.7469
vn -0.7902 -0.1084 0.6032
vn -0.8163 0.2546 0.5184
vn -0.7521 0.2822 0.5956
vn -0.4433 0.5332 0.7205
vn -0.4524 0.3418 0.8237
vn -0.1744 0.4176 0.8917
vn -0.1905 0.5714 0.7983
vn -0.3066 -0.1160 0.9447
vn -0.2194 -0.1106 0.9693
vn -0.4165 -0.2353 0.8781
vn -0.4442 -0.4935 0.7477
vn -0.3406 -0.5195 0.7836
vn -0.5614 -0.4226 0.7115
vn -0.3534 -0.3008 0.8858
vn -0.5207 -0.0775 0.8502
vn -0.8059 -0.0016 0.5920
vn -0.6436 -0.5746 0.5057
vn -0.3223 0.0933 0.9420
vn -0.6572 0.4502 0.6045
vn -0.4525 0.5259 0.7202
vn -0.2902 0.5642 0.7730
vn -0.1088 -0.5555 0.8244
vn -0.3664 -0.4046 0.8379
vn -0.6407 -0.0046 0.7677
vn -0.1971 -0.6459 0.7375
vn -0.5090 0.1211 0.8522
vn -0.2052 -0.3422 0.9169
vn -0.3252 0.0512 0.9443
vn -0.1868 -0.3188 0.9292
vn -0.3175 0.1528 0.9359
vn -0.3589 0.3733 0.8555
vn -0.4465 -0.8246 -0.3473
vn -0.2882 -0.9243 -0.2503
vn -0.2882 -0.9243 -0.2503
vn -0.1170 -0.9829 -0.1422
vn -0.7341 -0.4782 0.4822
vn -0.7773 -0.6087 0.1591
vn -0.6928 -0.6670 0.2742
vn -0.6186 -0.5865 0.5228
vn -0.7490 -0.1327 0.6492
vn -0.7698 -0.0308 0.6375
vn -0.7711 -0.0184 0.6365
vn -0.7770 -0.0166 0.6293
vn 0.4465 -0.8246 -0.3473
vn 0.2882 -0.9243 -0.2503
vn 0.2882 -0.9243 -0.2503
vn 0.1170 -0.9829 -0.1422
vn 0.5621 0.4677 0.6821
vn 0.5380 0.0632 0.8406
vn 0.7329 0.4019 0.5489
vn 0.5646 0.7874 0.2473
vn 0.7717 0.6347 -0.0406
vn 0.5467 0.7706 -0.3276
vn 0.5996 0.6178 -0.5088
vn 0.4901 0.5641 -0.6645
vn 0.7942 0.3974 -0.4597
vn 0.7088 0.1809 -0.6818
vn 0.9198 -0.1881 -0.3443
vn 0.7290 -0.3017 -0.6145
vn 0.8232 -0.5085 -0.2523
vn 0.9588 -0.2819 0.0341
vn 0.7913 -0.5799 0.1939
vn 0.3500 -0.9314 0.1005
vn 0.4940 -0.4779 0.7264
vn 0.8207 -0.2362 0.5203
vn 0.9902 0.0377 0.1346
vn 0.7123 -0.0344 0.7010
vn 0.5172 -0.1488 0.8428
vn -0.7332 -0.6748 0.0840
vn -0.8671 -0.4921 0.0775
vn -0.8284 -0.5590 -0.0361
vn -0.9668 -0.1255 -0.2228
vn -0.9973 -0.0628 0.0371
vn -0.9885 0.0930 -0.1189
vn -0.9463 0.1197 -0.3003
vn -0.8855 0.0688 -0.4595
vn -0.8592 0.0583 -0.5083
vn -0.9139 -0.3057 -0.2672
vn -0.9233 -0.3680 -0.1101
vn -0.5621 0.4677 0.6821
vn -0.7329 0.4019 0.5489
vn -0.5380 0.0632 0.8406
vn -0.5646 0.7874 0.2473
vn -0.7717 0.6347 -0.0406
vn -0.5467 0.7706 -0.3276
vn -0.5996 0.6178 -0.5088
vn -0.4901 0.5641 -0.6645
vn -0.7942 0.3974 -0.4597
vn -0.7088 0.1809 -0.6818
vn -0.9198 -0.1881 -0.3443
vn -0.7290 -0.3017 -0.6145
vn -0.8232 -0.5085 -0.2523
vn -0.9588 -0.2819 0.0341
vn -0.7913 -0.5799 0.1939
vn -0.3500 -0.9314 0.1005
vn -0.4940 -0.4779 0.7264
vn -0.8207 -0.2362 0.5203
vn -0.9902 0.0377 0.1346
vn -0.7123 -0.0344 0.7010
vn -0.5172 -0.1488 0.8428
vn 0.7332 -0.6748 0.0840
vn 0.8284 -0.5590 -0.0361
vn 0.8671 -0.4921 0.0775
vn 0.9668 -0.1255 -0.2228
vn 0.9973 -0.0628 0.0371
vn 0.9885 0.0930 -0.1189
vn 0.9463 0.1197 -0.3003
vn 0.8855 0.0688 -0.4595
vn 0.8592 0.0583 -0.5083
vn 0.9139 -0.3057 -0.2672
vn 0.9233 -0.3680 -0.1101
vn -0.2438 -0.9466 0.2112
vn -0.2000 -0.9406 0.2742
vn -0.4252 -0.8267 0.3685
vn 0.0417 -0.9942 0.0987
vn -0.0006 -0.9406 0.3394
vn -0.3144 -0.8096 0.4956
vn -0.5981 -0.6113 0.5183
vn -0.4254 -0.5887 0.6874
vn 0.0369 -0.8096 0.5858
vn 0.1990 -0.9406 0.2750
vn 0.3226 -0.9406 0.1055
vn 0.3742 -0.8096 0.4522
vn 0.0599 -0.5887 0.8061
vn -0.4951 -0.3097 0.8118
vn -0.7096 -0.3438 0.6150
vn -0.7547 -0.0501 0.6541
vn -0.5163 0.0000 0.8564
vn 0.0766 -0.3097 0.9478
vn 0.5223 -0.5887 0.6170
vn 0.5685 -0.8096 0.1459
vn 0.3726 -0.9274 -0.0321
vn 0.6454 -0.7618 -0.0555
vn 0.7852 -0.5887 0.1922
vn 0.6191 -0.3097 0.7217
vn 0.0857 -0.0000 0.9963
vn -0.4868 0.3097 0.8168
vn -0.7322 0.2472 0.6346
vn -0.6427 0.5260 0.5570
vn -0.4092 0.5887 0.6971
vn 0.0863 0.3097 0.9469
vn 0.6550 0.0000 0.7557
vn 0.9251 -0.3097 0.2200
vn 0.8474 -0.5260 -0.0729
vn 0.9654 -0.2472 -0.0830
vn 0.9740 -0.0000 0.2264
vn 0.6264 0.3097 0.7153
vn 0.0787 0.5887 0.8045
vn -0.2915 0.8096 0.5094
vn -0.4895 0.7618 0.4243
vn -0.2826 0.9274 0.2450
vn -0.1491 0.9406 0.3049
vn 0.0636 0.8096 0.5835
vn 0.5749 0.5696 0.5875
vn 0.9273 0.3096 0.2105
vn 0.9951 0.0501 -0.0856
vn 0.9356 0.3438 -0.0805
vn 0.8795 0.4532 0.1451
vn 0.7574 0.6133 0.2240
vn 0.3944 0.8096 0.4346
vn 0.0586 0.9406 0.3344
vn 0.0417 0.9942 0.0987
vn 0.2439 0.9406 0.2361
vn 0.5746 0.8096 0.1198
vn 0.8190 0.5694 -0.0705
vn 0.5606 0.8267 -0.0482
vn 0.3361 0.9406 0.0476
vn 0.3214 0.9466 -0.0277
vn 0.2438 -0.9466 0.2112
vn 0.4252 -0.8267 0.3685
vn 0.2000 -0.9406 0.2742
vn -0.0109 -0.9919 0.1266
vn 0.0006 -0.9406 0.3394
vn 0.3144 -0.8096 0.4956
vn 0.5981 -0.6113 0.5183
vn 0.4254 -0.5887 0.6874
vn 0.7096 -0.3439 0.6150
vn 0.4951 -0.3097 0.8118
vn 0.7547 -0.0501 0.6541
vn 0.5163 -0.0000 0.8564
vn 0.7322 0.2472 0.6346
vn 0.4868 0.3097 0.8168
vn 0.6427 0.5260 0.5570
vn 0.4092 0.5887 0.6971
vn 0.4895 0.7618 0.4243
vn 0.2915 0.8096 0.5094
vn 0.2826 0.9274 0.2450
vn 0.1491 0.9406 0.3049
vn -0.0109 0.9919 0.1266
vn -0.0586 0.9406 0.3344
vn -0.0636 0.8096 0.5835
vn -0.0787 0.5887 0.8045
vn -0.0863 0.3097 0.9469
vn -0.0857 -0.0000 0.9963
vn -0.0767 -0.3097 0.9477
vn -0.0599 -0.5887 0.8061
vn -0.0369 -0.8096 0.5858
vn -0.1990 -0.9406 0.2750
vn -0.3226 -0.9406 0.1055
vn -0.3742 -0.8096 0.4522
vn -0.5223 -0.5887 0.6170
vn -0.6191 -0.3097 0.7217
vn -0.6549 0.0000 0.7557
vn -0.6264 0.3097 0.7153
vn -0.5365 0.5887 0.6046
vn -0.3944 0.8096 0.4346
vn -0.2439 0.9406 0.2361
vn -0.3361 0.9406 0.0476
vn -0.5746 0.8096 0.1198
vn -0.7873 0.5702 0.2347
vn -0.9055 0.3298 0.2668
vn -0.9740 -0.0000 0.2264
vn -0.9250 -0.3097 0.2200
vn -0.7852 -0.5887 0.1922
vn -0.5685 -0.8096 0.1459
vn -0.3726 -0.9274 -0.0321
vn -0.1637 -0.9864 -0.0141
vn -0.6454 -0.7618 -0.0555
vn -0.8474 -0.5260 -0.0729
vn -0.9654 -0.2472 -0.0830
vn -0.9951 0.0501 -0.0856
vn -0.9266 0.3674 -0.0797
vn -0.8797 0.4532 0.1442
vn -0.7885 0.6113 -0.0678
vn -0.5606 0.8267 -0.0482
vn -0.3214 0.9466 -0.0276
vn -0.1637 0.9864 -0.0141
vn 0.0302 0.5701 -0.8210
vn 0.0673 0.4182 -0.9059
vn 0.1556 0.4503 -0.8792
vn -0.0189 0.5600 -0.8283
vn -0.0054 0.5379 -0.8430
vn 0.0000 0.3335 -0.9427
vn -0.4876 -0.0318 -0.8725
vn 0.0000 -0.1136 -0.9935
vn -0.3901 -0.3647 -0.8455
vn 0.0489 -0.4594 -0.8869
vn -0.0001 -0.5698 -0.8218
vn 0.1443 -0.5872 -0.7965
vn -0.6177 -0.4046 -0.6744
vn -0.9951 0.0971 -0.0165
vn -0.9939 0.0643 0.0893
vn -0.9488 0.1217 0.2916
vn -0.6199 0.6335 0.4630
vn -0.7737 0.5738 0.2685
vn -0.5169 0.6675 0.5360
vn 0.0220 0.7581 0.6518
vn 0.5889 0.5992 0.5424
vn 0.4798 0.6027 0.6376
vn 0.9180 0.2919 0.2684
vn 0.9973 0.0143 -0.0720
vn 0.9993 -0.0381 -0.0030
vn 0.8913 -0.1686 -0.4210
vn 0.9210 -0.2870 -0.2635
vn 0.7431 -0.5361 0.4006
vn 0.9879 -0.1148 -0.1039
vn 0.8785 -0.3509 0.3242
vn 0.3661 -0.7279 0.5798
vn 0.7688 -0.3383 0.5427
vn 0.3683 -0.5669 0.7369
vn -0.3767 -0.5531 0.7431
vn -0.9000 -0.1582 0.4062
vn -0.8360 -0.1462 0.5289
vn -0.9434 0.2464 0.2219
vn -0.9238 0.3829 0.0043
vn -0.8526 0.5225 -0.0018
vn -0.8840 0.3921 -0.2546
vn -0.8507 0.2695 -0.4513
vn -0.5140 0.1003 -0.8519
vn -0.4412 0.2575 -0.8597
vn -0.1831 -0.0493 -0.9819
vn -0.4254 -0.1182 -0.8973
vn 0.9798 -0.1557 -0.1258
vn 0.9523 0.0354 -0.3030
vn 0.3864 -0.1668 0.9071
vn -0.6759 -0.5880 0.4443
vn -0.7159 -0.6112 0.3375
vn -0.9779 -0.2017 -0.0553
vn -0.9729 0.0532 -0.2250
vn -0.9805 0.0823 -0.1783
vn -0.9995 0.0101 -0.0292
vn -0.4488 -0.2373 0.8615
vn 0.0019 0.2875 0.9578
vn 0.4846 0.2991 0.8220
vn 0.9963 0.0844 -0.0158
vn 0.9648 -0.0012 -0.2630
vn 0.9565 -0.0928 -0.2765
vn -0.4983 0.8174 -0.2891
vn -0.6699 0.6925 -0.2677
vn -0.4966 0.8676 -0.0259
vn -0.6073 0.5464 -0.5767
vn -0.5196 0.6704 -0.5297
vn -0.4633 0.4272 -0.7764
vn -0.2980 0.9287 -0.2207
vn -0.2747 0.9588 -0.0726
vn -0.2969 0.9505 0.0915
vn -0.5729 0.8143 0.0931
vn -0.4698 0.8808 0.0591
vn -0.3113 0.9462 0.0881
vn -0.7410 0.6675 0.0734
vn -0.7072 0.7061 0.0353
vn -0.9944 0.0814 -0.0669
vn -0.9090 -0.2723 0.3155
vn -0.9867 0.1228 0.1067
vn -0.9739 0.1994 0.1079
vn -0.9085 -0.0868 0.4088
vn -0.6075 -0.5576 0.5657
vn -0.4724 -0.6151 0.6313
vn -0.8133 -0.4219 0.4008
vn -0.6370 -0.6193 0.4590
vn -0.2726 -0.7931 0.5446
vn -0.9823 0.1661 -0.0871
vn -0.9530 -0.1298 -0.2739
vn -0.9530 -0.1298 -0.2739
vn -0.9530 -0.1298 -0.2739
vn 0.5705 -0.3180 0.7572
vn 0.5283 0.2651 0.8066
vn 0.3286 0.2524 0.9101
vn 0.9545 0.0738 0.2889
vn 0.7463 -0.6643 0.0426
vn -0.0018 -1.0000 -0.0072
vn -0.0009 -0.5667 0.8239
vn -0.0011 0.2047 0.9788
vn -0.6089 -0.3689 0.7022
vn -0.7431 -0.6691 0.0108
vn -0.9830 -0.0259 0.1817
vn -0.6279 0.1490 0.7639
vn -0.2793 0.2247 0.9336
vn 0.5170 -0.8142 -0.2642
vn -0.0000 -0.9731 -0.2302
vn -0.5039 -0.8201 -0.2711
vn 0.9972 -0.0170 -0.0730
vn 0.9995 0.0076 -0.0292
vn 0.7001 -0.7131 -0.0358
vn 0.7127 0.7009 -0.0300
vn 0.6949 0.7191 -0.0060
vn 0.9746 0.0684 -0.2134
vn 0.6027 0.7908 -0.1065
vn 0.7920 0.5932 -0.1445
vn 0.5014 0.8644 -0.0363
vn 0.7906 -0.5111 -0.3372
vn 0.6570 -0.6812 -0.3230
vn 0.7407 -0.6693 -0.0586
vn 0.7107 -0.6952 -0.1076
vn 0.9702 -0.1630 -0.1791
vn 0.7248 -0.6341 -0.2694
vn 0.9134 0.2435 -0.3261
vn 0.8764 0.0763 -0.4755
vn 0.6401 0.7296 -0.2407
vn 0.7072 0.6991 -0.1055
vn -0.9972 -0.0170 -0.0730
vn -0.7001 -0.7131 -0.0358
vn -0.9995 0.0076 -0.0292
vn -0.7127 0.7009 -0.0300
vn -0.6949 0.7191 -0.0060
vn -0.9746 0.0684 -0.2134
vn -0.6027 0.7908 -0.1065
vn -0.7920 0.5932 -0.1445
vn -0.5014 0.8644 -0.0363
vn -0.7906 -0.5111 -0.3372
vn -0.6570 -0.6812 -0.3230
vn -0.7407 -0.6693 -0.0586
vn -0.7107 -0.6952 -0.1076
vn -0.9702 -0.1630 -0.1791
vn -0.7248 -0.6341 -0.2694
vn -0.9134 0.2435 -0.3261
vn -0.8764 0.0763 -0.4755
vn -0.6401 0.7296 -0.2407
vn -0.7072 0.6991 -0.1055
vn 0.4915 -0.8487 -0.1953
vn -0.4915 -0.8487 -0.1953
vn -0.0302 0.5701 -0.8210
vn -0.1556 0.4503 -0.8792
vn -0.0673 0.4182 -0.9059
vn 0.0189 0.5600 -0.8283
vn 0.0054 0.5379 -0.8430
vn 0.0000 0.3335 -0.9427
vn 0.4876 -0.0318 -0.8725
vn 0.0000 -0.1136 -0.9935
vn 0.3901 -0.3647 -0.8455
vn -0.0489 -0.4594 -0.8869
vn 0.0001 -0.5698 -0.8218
vn -0.1443 -0.5872 -0.7965
vn 0.6177 -0.4046 -0.6744
vn 0.9951 0.0971 -0.0165
vn 0.9939 0.0643 0.0893
vn 0.9488 0.1217 0.2916
vn 0.6199 0.6335 0.4630
vn 0.7737 0.5738 0.2685
vn 0.5169 0.6675 0.5360
vn -0.0220 0.7581 0.6518
vn -0.5889 0.5992 0.5424
vn -0.4798 0.6027 0.6376
vn -0.9180 0.2919 0.2684
vn -0.9973 0.0143 -0.0720
vn -0.9993 -0.0381 -0.0030
vn -0.8913 -0.1686 -0.4210
vn -0.9210 -0.2870 -0.2635
vn -0.7431 -0.5361 0.4006
vn -0.8785 -0.3509 0.3242
vn -0.9879 -0.1148 -0.1039
vn -0.3661 -0.7279 0.5798
vn 0.0096 -0.6053 0.7959
vn 0.1425 -0.6472 0.7489
vn 0.3767 -0.5531 0.7431
vn 0.9042 -0.1280 0.4075
vn 0.8360 -0.1462 0.5289
vn 0.9434 0.2464 0.2219
vn 0.9456 0.3230 0.0393
vn 0.8526 0.5225 -0.0018
vn 0.8840 0.3921 -0.2546
vn 0.9294 0.2013 -0.3095
vn 0.5140 0.1003 -0.8519
vn 0.4412 0.2575 -0.8597
vn 0.1831 -0.0493 -0.9819
vn 0.4254 -0.1182 -0.8973
vn -0.9798 -0.1557 -0.1258
vn -0.9339 -0.0198 -0.3570
vn -0.5589 -0.5803 0.5924
vn 0.5479 -0.7192 0.4272
vn 0.6696 -0.6177 0.4124
vn 0.9779 -0.2017 -0.0553
vn 0.9411 0.0702 -0.3309
vn 0.9867 0.1228 0.1067
vn 0.9090 -0.2723 0.3155
vn 0.8133 -0.4219 0.4008
vn 0.4983 0.8174 -0.2891
vn 0.4966 0.8676 -0.0259
vn 0.6699 0.6925 -0.2677
vn 0.6073 0.5464 -0.5767
vn 0.5196 0.6704 -0.5297
vn 0.4633 0.4272 -0.7764
vn 0.2980 0.9287 -0.2207
vn 0.2747 0.9588 -0.0726
vn 0.2969 0.9505 0.0915
vn 0.5729 0.8143 0.0931
vn 0.5734 0.8163 0.0693
vn 0.3113 0.9462 0.0881
vn 0.8615 0.5056 0.0465
vn 0.7072 0.7061 0.0353
vn 0.2726 -0.7931 0.5446
vn 0.2726 -0.7931 0.5446
vn 0.9680 -0.2425 -0.0647
vn 0.9951 -0.0416 -0.0900
vn 0.9872 0.1590 0.0130
vn 0.9257 -0.3483 -0.1472
vn 0.6052 -0.7821 -0.1486
vn 0.5969 -0.8018 -0.0279
vn 0.2862 -0.9398 -0.1865
vn 0.2690 -0.8974 -0.3497
vn 0.2081 -0.8391 -0.5027
vn 0.1967 -0.4918 -0.8482
vn 0.1493 -0.4801 -0.8644
vn 0.1761 -0.1547 -0.9721
vn 0.1838 -0.1507 -0.9713
vn 0.9972 0.0736 -0.0111
vn 0.9283 -0.3712 0.0229
vn 0.4763 -0.8708 0.1217
vn 0.3499 -0.9366 -0.0164
vn 0.3612 -0.9139 0.1851
vn 0.3469 -0.9014 0.2591
vn 0.3169 -0.9071 0.2769
vn -0.9680 -0.2425 -0.0647
vn -0.9872 0.1590 0.0130
vn -0.9951 -0.0416 -0.0900
vn -0.9009 -0.3850 -0.2005
vn -0.6649 -0.7239 -0.1839
vn -0.5969 -0.8018 -0.0279
vn -0.2862 -0.9398 -0.1865
vn -0.4354 -0.8269 -0.3560
vn -0.2081 -0.8391 -0.5027
vn -0.1967 -0.4918 -0.8482
vn -0.1493 -0.4801 -0.8644
vn -0.1761 -0.1547 -0.9721
vn -0.1838 -0.1507 -0.9713
vn -0.9488 0.3153 0.0166
vn -0.8251 0.5574 0.0929
vn -0.9972 0.0736 -0.0111
vn -0.9283 -0.3712 0.0229
vn -0.4763 -0.8708 0.1217
vn -0.3499 -0.9366 -0.0164
vn -0.3612 -0.9139 0.1851
vn -0.3469 -0.9014 0.2591
vn -0.3169 -0.9071 0.2769
vn 0.8391 -0.4519 -0.3027
vn 0.8391 -0.4519 -0.3027
vn 0.8391 -0.4519 -0.3027
vn 0.9805 0.0823 -0.1783
vn 0.9995 0.0101 -0.0292
vn 0.9823 0.1661 -0.0871
vn 0.9965 0.0292 -0.0778
vn 0.8408 -0.3177 0.4384
vn 0.4488 -0.2373 0.8615
vn -0.2575 0.0583 0.9645
vn -0.0019 0.2875 0.9578
vn -0.4846 0.2991 0.8220
vn -0.9963 0.0844 -0.0158
vn -0.9647 0.0904 -0.2472
vn -0.9648 -0.0012 -0.2630
vn -0.9565 -0.0928 -0.2765
vn 0.9530 -0.1298 -0.2739
vn 0.9530 -0.1298 -0.2739
vn 0.9530 -0.1298 -0.2739
vn -0.5705 -0.3180 0.7572
vn -0.3286 0.2524 0.9101
vn -0.5283 0.2651 0.8066
vn -0.9545 0.0738 0.2889
vn -0.7463 -0.6643 0.0426
vn 0.0018 -1.0000 -0.0072
vn 0.0009 -0.5667 0.8239
vn 0.0011 0.2047 0.9788
vn 0.6089 -0.3689 0.7022
vn 0.7431 -0.6691 0.0108
vn 0.9830 -0.0259 0.1817
vn 0.6279 0.1490 0.7639
vn 0.2793 0.2247 0.9336
vn -0.5170 -0.8142 -0.2642
vn 0.0000 -0.9731 -0.2302
vn 0.5039 -0.8201 -0.2711
vn 0.2012 0.0044 0.9795
vn -0.5999 -0.4566 0.6569
vn -0.9173 -0.0493 0.3951
vn 0.1062 0.0870 0.9905
vn 0.9723 -0.0102 0.2337
vn 0.9167 0.0020 0.3996
vn 0.7490 -0.2344 -0.6197
vn 0.8748 -0.1591 -0.4577
vn 0.3766 -0.4755 -0.7950
vn 0.6234 -0.6181 -0.4789
vn 0.6368 -0.2196 -0.7391
vn 0.8791 0.2092 -0.4284
vn 0.9681 0.2311 0.0972
vn 0.9437 0.0999 0.3154
vn 0.8512 0.0138 0.5247
vn 0.5802 -0.1197 0.8056
vn 0.4845 -0.3117 0.8174
vn -0.9816 -0.0619 -0.1808
vn -0.6151 -0.7867 0.0529
vn 0.1556 -0.9606 0.2304
vn 0.7148 -0.2543 -0.6515
vn 0.5843 -0.2772 -0.7627
vn 0.0996 -0.3236 -0.9409
vn 0.0534 -0.2738 -0.9603
vn 0.6780 -0.3070 -0.6679
vn 0.9304 0.3085 0.1980
vn 0.0227 0.5982 0.8010
vn 0.6365 0.6491 0.4167
vn 0.9907 0.1078 -0.0827
vn 0.6505 -0.4629 -0.6021
vn -0.0159 -0.6219 -0.7829
vn -0.0626 -0.5089 -0.8586
vn -0.2055 -0.6491 -0.7325
vn -0.9819 -0.0666 -0.1771
vn -0.9770 -0.1049 -0.1857
vn -0.9029 0.0482 0.4272
vn -0.9852 0.1246 0.1174
vn -0.9519 -0.1229 -0.2805
vn -0.9966 0.0573 -0.0598
vn -0.6626 0.5788 0.4754
vn 0.0978 0.2202 0.9705
vn 0.1031 0.1217 0.9872
vn 0.7520 0.1468 0.6426
vn -0.0032 0.7449 0.6671
vn 0.9908 0.0848 0.1050
vn 0.9908 0.0848 0.1050
vn -0.9276 0.3403 0.1539
vn -0.7017 -0.6074 0.3725
vn -0.7346 0.2037 0.6472
vn -0.6289 -0.6459 0.4328
vn -0.5950 -0.6052 0.5290
vn -0.1999 -0.3424 0.9181
vn 0.0273 0.3086 0.9508
vn 0.0404 -0.5633 0.8253
vn 0.0083 -0.9993 0.0362
vn 0.3043 -0.3522 0.8851
vn 0.6503 -0.6048 0.4597
vn 0.7540 0.1768 0.6327
vn 0.7839 -0.6088 -0.1220
vn 0.9323 0.1006 -0.3473
vn 0.9886 0.1498 -0.0171
vn 0.8158 -0.4697 0.3374
vn 0.6238 -0.6481 0.4369
vn 0.1066 -0.9853 -0.1338
vn -0.0076 -0.9799 -0.1992
vn -0.1034 -0.9855 -0.1347
vn -0.1713 -0.9848 -0.0285
vn -0.2012 0.0044 0.9795
vn 0.9103 0.0062 0.4139
vn 0.5020 -0.2374 0.8316
vn -0.1046 0.1044 0.9890
vn -0.9449 0.0233 0.3264
vn -0.9167 0.0020 0.3996
vn -0.7490 -0.2344 -0.6197
vn -0.8748 -0.1591 -0.4577
vn -0.3766 -0.4755 -0.7950
vn -0.6234 -0.6181 -0.4789
vn -0.6368 -0.2196 -0.7391
vn -0.8791 0.2092 -0.4284
vn -0.9681 0.2311 0.0972
vn -0.9437 0.0999 0.3154
vn -0.8512 0.0138 0.5247
vn -0.5802 -0.1197 0.8056
vn -0.4845 -0.3117 0.8174
vn 0.9816 -0.0619 -0.1808
vn 0.9819 -0.0666 -0.1771
vn 0.9770 -0.1049 -0.1857
vn 0.9852 0.1246 0.1174
vn 0.9519 -0.1229 -0.2805
vn 0.9966 0.0573 -0.0598
vn 0.6626 0.5788 0.4754
vn -0.0227 0.5982 0.8010
vn -0.0978 0.2202 0.9705
vn -0.9304 0.3085 0.1980
vn -0.6780 -0.3070 -0.6679
vn -0.9907 0.1078 -0.0827
vn -0.6365 0.6491 0.4167
vn 0.0032 0.7449 0.6671
vn -0.7148 -0.2543 -0.6515
vn -0.5843 -0.2772 -0.7627
vn -0.0996 -0.3236 -0.9409
vn -0.0534 -0.2738 -0.9603
vn 0.0159 -0.6219 -0.7829
vn 0.0626 -0.5089 -0.8586
vn -0.6505 -0.4629 -0.6021
vn 0.2055 -0.6491 -0.7325
vn -0.1556 -0.9606 0.2304
vn 0.6151 -0.7867 0.0529
vn 0.6151 -0.7867 0.0529
vn -0.9908 0.0848 0.1050
vn -0.9908 0.0848 0.1050
vn 0.9276 0.3403 0.1539
vn 0.7346 0.2037 0.6472
vn 0.7017 -0.6074 0.3725
vn 0.6289 -0.6459 0.4328
vn 0.5950 -0.6052 0.5290
vn 0.1999 -0.3424 0.9181
vn -0.0273 0.3086 0.9508
vn -0.0404 -0.5633 0.8253
vn -0.0083 -0.9993 0.0362
vn -0.3043 -0.3522 0.8851
vn -0.6503 -0.6048 0.4597
vn -0.7540 0.1768 0.6327
vn -0.7839 -0.6088 -0.1220
vn -0.9886 0.1498 -0.0171
vn -0.9323 0.1006 -0.3473
vn -0.8158 -0.4697 0.3374
vn -0.6238 -0.6481 0.4369
vn -0.1066 -0.9853 -0.1338
vn 0.0076 -0.9799 -0.1992
vn 0.1034 -0.9855 -0.1347
vn 0.1713 -0.9848 -0.0285
vn 0.5079 -0.2434 0.8263
vn 0.3485 -0.4195 0.8382
vn 0.3544 -0.5032 0.7882
vn 0.3217 -0.2444 0.9148
vn 0.5798 -0.2020 0.7893
vn 0.8411 0.0275 0.5402
vn 0.8801 0.1850 0.4372
vn 0.9410 0.3360 -0.0398
vn 0.8929 0.4499 0.0168
vn 0.6667 0.6242 -0.4074
vn 0.6798 0.7272 -0.0949
vn 0.3495 0.8249 -0.4443
vn 0.3398 0.9319 -0.1270
vn 0.5198 0.8531 -0.0449
vn 0.8464 0.5320 0.0223
vn 0.8725 0.4886 -0.0043
vn 0.3622 -0.4979 0.7880
vn 0.3149 0.9459 -0.0782
vn -0.5079 -0.2434 0.8263
vn -0.3544 -0.5032 0.7882
vn -0.3485 -0.4195 0.8382
vn -0.3217 -0.2444 0.9148
vn -0.5798 -0.2020 0.7893
vn -0.8411 0.0275 0.5402
vn -0.8801 0.1850 0.4372
vn -0.9292 0.3499 0.1190
vn -0.8929 0.4499 0.0168
vn -0.7323 0.6630 -0.1556
vn -0.6798 0.7272 -0.0949
vn -0.3514 0.8960 -0.2714
vn -0.3398 0.9319 -0.1270
vn -0.5198 0.8531 -0.0449
vn -0.8464 0.5320 0.0223
vn -0.8725 0.4886 -0.0043
vn -0.3622 -0.4979 0.7880
vn -0.3149 0.9459 -0.0782
vn 0.2963 0.4854 -0.8226
vn 0.5951 0.3771 -0.7097
vn 0.9901 0.0091 -0.1398
vn 0.9493 -0.0845 0.3028
vn 0.9951 -0.0176 0.0976
vn 0.9128 -0.2310 0.3367
vn 0.5605 -0.5323 0.6344
vn 0.7193 -0.5855 0.3739
vn 0.2505 -0.8956 0.3676
vn 0.2281 -0.6699 0.7065
vn 0.5112 -0.8135 0.2772
vn 0.2489 -0.9547 0.1629
vn 0.2108 -0.8440 0.4932
vn 0.5578 -0.4295 0.7102
vn 0.1996 -0.3481 0.9160
vn 0.6177 0.0543 0.7846
vn 0.8713 -0.2789 0.4037
vn 0.8511 -0.4096 0.3282
vn 0.9991 -0.0397 -0.0118
vn 0.8194 0.2374 -0.5218
vn 0.5793 0.2856 -0.7634
vn 0.3890 0.6195 -0.6819
vn 0.2638 0.3852 -0.8843
vn 0.2382 0.7575 -0.6078
vn 0.2983 0.8783 -0.3737
vn 0.1965 0.9439 -0.2654
vn 0.3516 0.9355 -0.0343
vn 0.5068 0.7953 -0.3327
vn 0.5852 0.7853 0.2020
vn 0.3714 0.8489 0.3760
vn 0.7600 0.5474 0.3503
vn 0.4253 0.7383 0.5234
vn 0.1873 0.8143 0.5494
vn 0.1643 0.9096 0.3816
vn 0.1740 0.9815 0.0802
vn 0.9897 0.1151 0.0848
vn 0.9830 0.1831 0.0146
vn 0.9875 -0.1494 0.0502
vn 0.9702 -0.2419 0.0119
vn 0.9143 0.2168 -0.3420
vn 0.9143 0.2168 -0.3420
vn -0.2967 0.5851 -0.7547
vn -0.3083 0.5945 -0.7426
vn -0.5506 0.5388 -0.6377
vn -0.7688 0.4274 -0.4757
vn -0.9680 0.1995 -0.1522
vn -0.9781 0.0498 -0.2023
vn -0.9493 -0.0845 0.3028
vn -0.8929 -0.2425 0.3794
vn -0.5605 -0.5323 0.6344
vn -0.7193 -0.5855 0.3739
vn -0.2505 -0.8956 0.3676
vn -0.2281 -0.6699 0.7065
vn -0.5112 -0.8135 0.2772
vn -0.2489 -0.9547 0.1629
vn -0.2108 -0.8440 0.4932
vn -0.5578 -0.4295 0.7102
vn -0.1996 -0.3481 0.9160
vn -0.7283 0.1445 0.6698
vn -0.8997 -0.0894 0.4272
vn -0.9167 0.1669 0.3632
vn -0.6985 0.6469 0.3060
vn 0.0046 0.9945 -0.1043
vn -0.3714 0.8489 0.3760
vn -0.4253 0.7383 0.5234
vn -0.1873 0.8143 0.5494
vn -0.1643 0.9096 0.3816
vn -0.1740 0.9815 0.0802
vn -0.3516 0.9355 -0.0343
vn -0.5852 0.7853 0.2020
vn -0.7600 0.5474 0.3503
vn -0.9897 0.1151 0.0848
vn -0.9830 0.1831 0.0146
vn -0.9991 -0.0397 -0.0118
vn -0.8194 0.2374 -0.5218
vn -0.5793 0.2856 -0.7634
vn -0.3890 0.6195 -0.6819
vn -0.2638 0.3852 -0.8843
vn -0.5321 0.2646 -0.8043
vn -0.9953 0.0188 -0.0951
vn -0.2823 0.2647 -0.9221
vn -0.2382 0.7575 -0.6078
vn -0.2983 0.8783 -0.3737
vn -0.1965 0.9439 -0.2654
vn -0.5068 0.7953 -0.3327
vn -0.9733 -0.2122 0.0873
vn -0.9875 -0.1494 0.0502
vn 0.3569 0.9341 0.0018
vn 0.1885 0.8887 0.4180
vn 0.3346 0.8793 0.3390
vn 0.5025 0.8477 0.1701
vn 0.3315 0.8633 -0.3807
vn 0.0468 0.6589 -0.7507
vn 0.6241 0.2223 0.7491
vn 0.2624 0.1043 0.9593
vn 0.2624 0.1043 0.9593
vn 0.6985 0.6469 0.3060
vn 0.8559 0.2930 0.4261
vn 0.5337 0.8158 0.2228
vn -0.0046 0.9945 -0.1043
vn -0.3569 0.9341 0.0018
vn -0.3346 0.8793 0.3390
vn -0.1885 0.8887 0.4180
vn -0.5025 0.8477 0.1701
vn -0.3315 0.8633 -0.3807
vn -0.0468 0.6589 -0.7507
vn -0.2624 0.1043 0.9593
vn -0.2624 0.1043 0.9593
vn -0.2624 0.1043 0.9593
vn 0.5443 -0.0056 0.8389
vn 0.6989 0.2790 0.6586
vn 0.6303 0.3138 0.7101
vn 0.6412 0.1636 0.7498
vn 0.6101 0.6220 0.4907
vn 0.3216 0.6925 0.6457
vn 0.3797 0.7649 0.5203
vn 0.6356 0.4407 0.6338
vn 0.8546 0.2132 0.4736
vn 0.7000 0.0836 0.7093
vn 0.4028 -0.0757 0.9122
vn 0.6205 -0.1223 0.7746
vn 0.6450 -0.0955 0.7582
vn 0.7405 -0.1314 0.6590
vn 0.8597 -0.1694 0.4819
vn 0.8582 -0.0105 0.5132
vn 0.8363 -0.4004 0.3746
vn 0.7028 -0.6960 0.1473
vn 0.8493 -0.3317 0.4107
vn 0.6273 -0.2204 0.7469
vn 0.7902 -0.1084 0.6032
vn 0.8958 -0.0658 0.4396
vn 0.9464 -0.2101 0.2454
vn 0.8756 -0.4147 0.2478
vn 0.5695 -0.7978 0.1980
vn 0.1566 -0.9853 -0.0681
vn 0.3061 -0.9518 0.0173
vn 0.6151 -0.7587 0.2147
vn 0.2941 -0.8701 0.3956
vn -0.2215 -0.9701 -0.0996
vn 0.1686 -0.8205 0.5462
vn 0.6102 -0.3066 0.7305
vn 0.3621 -0.4177 0.8333
vn 0.5264 -0.0753 0.8469
vn 0.4254 0.2703 0.8637
vn 0.4936 0.7100 0.5022
vn 0.2313 -0.1381 0.9630
vn 0.2423 0.3609 0.9006
vn 0.2902 0.5641 0.7730
vn 0.3252 0.0511 0.9443
vn 0.1582 -0.3785 0.9120
vn 0.4880 0.1835 0.8533
vn 0.4525 0.5259 0.7202
vn 0.3223 0.0933 0.9420
vn 0.1088 -0.5555 0.8244
vn 0.3664 -0.4046 0.8379
vn 0.6407 -0.0046 0.7677
vn 0.7521 0.2822 0.5956
vn 0.8163 0.2546 0.5184
vn 0.4433 0.5332 0.7205
vn 0.4524 0.3418 0.8237
vn 0.1744 0.4176 0.8917
vn 0.3066 -0.1160 0.9447
vn 0.2827 0.0150 0.9591
vn 0.3534 -0.3008 0.8858
vn 0.4442 -0.4935 0.7477
vn 0.4165 -0.2353 0.8781
vn 0.3406 -0.5195 0.7836
vn 0.5614 -0.4226 0.7115
vn 0.4984 0.0055 0.8669
vn 0.8189 -0.0609 0.5707
vn 0.6436 -0.5746 0.5057
vn 0.6572 0.4502 0.6045
vn 0.1971 -0.6460 0.7375
vn 0.4339 0.3786 0.8176
vn 0.1905 0.5714 0.7983
vn -0.5788 0.5307 0.6192
vn -0.3648 0.5973 0.7143
vn -0.4339 0.3786 0.8176
vn -0.6101 0.6220 0.4907
vn -0.7741 0.5716 0.2721
vn -0.7608 0.1557 0.6301
vn -0.8672 0.3294 0.3736
vn -0.5369 0.6026 0.5904
vn -0.3797 0.7649 0.5203
vn -0.4936 0.7100 0.5022
vn -0.4260 0.2696 0.8636
vn -0.4236 -0.0951 0.9008
vn -0.3627 -0.4181 0.8329
vn -0.3733 -0.5110 0.7743
vn -0.1686 -0.8205 0.5462
vn -0.0774 -0.9555 0.2848
vn 0.2215 -0.9701 -0.0996
vn -0.3061 -0.9518 0.0173
vn -0.5264 -0.8367 0.1513
vn -0.6870 -0.7121 0.1447
vn -0.1566 -0.9853 -0.0681
vn -0.5695 -0.7978 0.1980
vn -0.8363 -0.4004 0.3746
vn -0.8582 -0.0105 0.5132
vn -0.9734 -0.0157 0.2286
vn -0.6450 -0.0956 0.7582
vn -0.8597 -0.1694 0.4819
vn -0.8756 -0.4147 0.2478
vn -0.9464 -0.2101 0.2454
vn -0.8958 -0.0658 0.4396
vn -0.7406 -0.1314 0.6590
vn -0.6205 -0.1223 0.7746
vn -0.4631 -0.2962 0.8353
vn -0.2066 0.3562 0.9113
vn -0.2313 -0.1381 0.9630
vn -0.6273 -0.2204 0.7469
vn -0.7902 -0.1084 0.6032
vn -0.8163 0.2546 0.5184
vn -0.7521 0.2822 0.5956
vn -0.4433 0.5332 0.7205
vn -0.4524 0.3418 0.8237
vn -0.1744 0.4176 0.8917
vn -0.1905 0.5714 0.7983
vn -0.3066 -0.1160 0.9447
vn -0.2194 -0.1106 0.9693
vn -0.4165 -0.2353 0.8781
vn -0.4442 -0.4935 0.7477
vn -0.3406 -0.5195 0.7836
vn -0.5614 -0.4226 0.7115
vn -0.3534 -0.3008 0.8858
vn -0.5207 -0.0775 0.8502
vn -0.8059 -0.0016 0.5920
vn -0.6436 -0.5746 0.5057
vn -0.3223 0.0933 0.9420
vn -0.6572 0.4502 0.6045
vn -0.4525 0.5259 0.7202
vn -0.2902 0.5642 0.7730
vn -0.1088 -0.5555 0.8244
vn -0.3664 -0.4046 0.8379
vn -0.6407 -0.0046 0.7677
vn -0.1971 -0.6459 0.7375
vn -0.5090 0.1211 0.8522
vn -0.2052 -0.3422 0.9169
vn -0.3252 0.0512 0.9443
vn -0.1868 -0.3188 0.9292
vn -0.3175 0.1528 0.9359
vn -0.3589 0.3733 0.8555
vn -0.4465 -0.8246 -0.3473
vn -0.2882 -0.9243 -0.2503
vn -0.2882 -0.9243 -0.2503
vn -0.1170 -0.9829 -0.1422
vn -0.7341 -0.4782 0.4822
vn -0.7773 -0.6087 0.1591
vn -0.6928 -0.6670 0.2742
vn -0.6186 -0.5865 0.5228
vn -0.7490 -0.1327 0.6492
vn -0.7698 -0.0308 0.6375
vn -0.7711 -0.0184 0.6365
vn -0.7770 -0.0166 0.6293
vn 0.4465 -0.8246 -0.3473
vn 0.2882 -0.9243 -0.2503
vn 0.2882 -0.9243 -0.2503
vn 0.1170 -0.9829 -0.1422
vn 0.5621 0.4677 0.6821
vn 0.5380 0.0632 0.8406
vn 0.7329 0.4019 0.5489
vn 0.5646 0.7874 0.2473
vn 0.7717 0.6347 -0.0406
vn 0.5467 0.7706 -0.3276
vn 0.5996 0.6178 -0.5088
vn 0.4901 0.5641 -0.6645
vn 0.7942 0.3974 -0.4597
vn 0.7088 0.1809 -0.6818
vn 0.9198 -0.1881 -0.3443
vn 0.7290 -0.3017 -0.6145
vn 0.8232 -0.5085 -0.2523
vn 0.9588 -0.2819 0.0341
vn 0.7913 -0.5799 0.1939
vn 0.3500 -0.9314 0.1005
vn 0.4940 -0.4779 0.7264
vn 0.8207 -0.2362 0.5203
vn 0.9902 0.0377 0.1346
vn 0.7123 -0.0344 0.7010
vn 0.5172 -0.1488 0.8428
vn -0.7332 -0.6748 0.0840
vn -0.8671 -0.4921 0.0775
vn -0.8284 -0.5590 -0.0361
vn -0.9668 -0.1255 -0.2228
vn -0.9973 -0.0628 0.0371
vn -0.9885 0.0930 -0.1189
vn -0.9463 0.1197 -0.3003
vn -0.8855 0.0688 -0.4595
vn -0.8592 0.0583 -0.5083
vn -0.9139 -0.3057 -0.2672
vn -0.9233 -0.3680 -0.1101
vn -0.5621 0.4677 0.6821
vn -0.7329 0.4019 0.5489
vn -0.5380 0.0632 0.8406
vn -0.5646 0.7874 0.2473
vn -0.7717 0.6347 -0.0406
vn -0.5467 0.7706 -0.3276
vn -0.5996 0.6178 -0.5088
vn -0.4901 0.5641 -0.6645
vn -0.7942 0.3974 -0.4597
vn -0.7088 0.1809 -0.6818
vn -0.9198 -0.1881 -0.3443
vn -0.7290 -0.3017 -0.6145
vn -0.8232 -0.5085 -0.2523
vn -0.9588 -0.2819 0.0341
vn -0.7913 -0.5799 0.1939
vn -0.3500 -0.9314 0.1005
vn -0.4940 -0.4779 0.7264
vn -0.8207 -0.2362 0.5203
vn -0.9902 0.0377 0.1346
vn -0.7123 -0.0344 0.7010
vn -0.5172 -0.1488 0.8428
vn 0.7332 -0.6748 0.0840
vn 0.8284 -0.5590 -0.0361
vn 0.8671 -0.4921 0.0775
vn 0.9668 -0.1255 -0.2228
vn 0.9973 -0.0628 0.0371
vn 0.9885 0.0930 -0.1189
vn 0.9463 0.1197 -0.3003
vn 0.8855 0.0688 -0.4595
vn 0.8592 0.0583 -0.5083
vn 0.9139 -0.3057 -0.2672
vn 0.9233 -0.3680 -0.1101
usemtl dog_mat
f 1/1/1 2/2/2 3/3/3
f 1/1/1 4/4/4 2/2/2
f 1/1/1 5/5/5 4/4/4
f 1/1/1 6/6/6 5/5/5
f 6/6/6 7/7/7 5/5/5
f 6/6/6 8/8/8 7/7/7
f 8/8/8 9/9/9 7/7/7
f 10/10/10 9/9/9 8/8/8
f 10/10/10 11/11/11 9/9/9
f 10/10/10 12/12/12 11/11/11
f 11/11/11 13/13/13 9/9/9
f 9/9/9 13/13/13 14/14/14
f 14/14/14 7/7/7 9/9/9
f 14/14/14 15/15/15 7/7/7
f 14/14/14 16/16/16 15/15/15
f 14/14/14 17/17/17 16/16/16
f 18/18/18 17/17/17 14/14/14
f 19/19/19 17/17/17 18/18/18
f 19/19/19 20/20/20 17/17/17
f 20/20/20 21/21/21 17/17/17
f 20/20/20 22/22/22 21/21/21
f 23/23/23 21/21/21 22/22/22
f 21/21/21 23/23/23 24/24/24
f 24/24/24 25/25/25 21/21/21
f 26/26/26 25/25/25 24/24/24
f 26/26/26 24/24/24 27/27/27
f 27/27/27 24/24/24 23/23/23
f 28/28/28 29/29/29 30/30/30
f 31/31/31 28/28/28 30/30/30
f 32/32/32 31/31/31 30/30/30
f 33/33/33 32/32/32 30/30/30
f 33/33/33 30/30/30 34/34/34
f 34/34/34 35/35/35 33/33/33
f 36/36/36 35/35/35 34/34/34
f 36/36/36 37/37/37 35/35/35
f 38/38/38 35/35/35 37/37/37
f 39/39/39 38/38/38 37/37/37
f 39/39/39 40/40/40 38/38/38
f 40/40/40 41/41/41 38/38/38
f 40/40/40 42/42/42 41/41/41
f 42/42/42 43/43/43 41/41/41
f 43/43/43 42/42/42 44/44/44
f 42/42/42 45/45/45 44/44/44
f 29/29/29 46/46/46 30/30/30
f 29/29/29 25/25/25 47/47/47
f 25/25/25 29/29/29 28/28/28
f 28/28/28 48/48/48 25/25/25
f 49/49/49 48/48/48 28/28/28
f 49/49/49 28/28/28 31/31/31
f 50/50/50 49/49/49 31/31/31
f 51/51/51 49/49/49 50/50/50
f 52/52/52 49/49/49 51/51/51
f 41/41/41 52/52/52 51/51/51
f 43/43/43 52/52/52 41/41/41
f 52/52/52 53/53/53 54/54/54
f 54/54/54 49/49/49 52/52/52
f 54/54/54 55/55/55 49/49/49
f 49/49/49 55/55/55 48/48/48
f 48/48/48 55/55/55 56/56/56
f 48/48/48 56/56/56 57/57/57
f 58/58/58 48/48/48 57/57/57
f 58/58/58 59/59/59 47/47/47
f 60/60/60 59/59/59 58/58/58
f 61/61/61 62/62/62 63/63/63
f 61/61/61 64/64/64 62/62/62
f 64/64/64 61/61/61 65/65/65
f 64/64/64 65/65/65 66/66/66
f 67/67/67 65/65/65 61/61/61
f 68/68/68 67/67/67 61/61/61
f 63/63/63 68/68/68 61/61/61
f 63/63/63 69/69/69 68/68/68
f 69/69/69 63/63/63 70/70/70
f 69/69/69 70/70/70 71/71/71
f 72/72/72 69/69/69 71/71/71
f 70/70/70 73/73/73 71/71/71
f 70/70/70 74/74/74 73/73/73
f 74/74/74 70/70/70 63/63/63
f 62/62/62 74/74/74 63/63/63
f 75/75/75 76/76/76 77/77/77
f 75/75/75 77/77/77 78/78/78
f 79/79/79 78/78/78 77/77/77
f 76/76/76 79/79/79 77/77/77
f 80/80/80 79/79/79 76/76/76
f 80/80/80 76/76/76 81/81/81
f 76/76/76 82/82/82 81/81/81
f 51/51/51 82/82/82 76/76/76
f 51/51/51 76/76/76 75/75/75
f 51/51/51 83/83/83 82/82/82
f 82/82/82 83/83/83 81/81/81
f 83/83/83 84/84/84 81/81/81
f 53/53/53 85/85/85 54/54/54
f 86/86/86 87/87/87 88/88/88
f 89/89/89 90/90/90 91/91/91
f 89/89/89 92/92/92 90/90/90
f 89/89/89 93/93/93 92/92/92
f 89/89/89 94/94/94 93/93/93
f 89/89/89 95/95/95 94/94/94
f 89/89/89 96/96/96 95/95/95
f 96/96/96 97/97/97 95/95/95
f 95/95/95 97/97/97 94/94/94
f 97/97/97 98/98/98 94/94/94
f 99/99/99 98/98/98 97/97/97
f 97/97/97 100/100/100 99/99/99
f 97/97/97 101/101/101 100/100/100
f 102/102/102 93/93/93 94/94/94
f 103/103/103 102/102/102 94/94/94
f 104/104/104 103/103/103 94/94/94
f 104/104/104 94/94/94 98/98/98
f 104/104/104 98/98/98 99/99/99
f 93/93/93 102/102/102 92/92/92
f 105/105/105 106/106/106 107/107/107
f 106/106/106 105/105/105 108/108/108
f 106/106/106 108/108/108 109/109/109
f 110/110/110 106/106/106 109/109/109
f 110/110/110 109/109/109 111/111/111
f 112/112/112 110/110/110 111/111/111
f 112/112/112 111/111/111 113/113/113
f 110/110/110 112/112/112 114/114/114
f 115/115/115 110/110/110 114/114/114
f 110/110/110 115/115/115 116/116/116
f 106/106/106 110/110/110 116/116/116
f 106/106/106 116/116/116 107/107/107
f 117/117/117 105/105/105 107/107/107
f 117/117/117 118/118/118 105/105/105
f 119/119/119 118/118/118 117/117/117
f 119/119/119 120/120/120 118/118/118
f 120/120/120 119/119/119 121/121/121
f 122/122/122 120/120/120 121/121/121
f 123/123/123 120/120/120 122/122/122
f 123/123/123 118/118/118 120/120/120
f 105/105/105 118/118/118 123/123/123
f 105/105/105 123/123/123 108/108/108
f 124/124/124 125/125/125 126/126/126
f 126/126/126 127/127/127 124/124/124
f 126/126/126 128/128/128 127/127/127
f 129/129/129 128/128/128 126/126/126
f 129/129/129 130/130/130 128/128/128
f 131/131/131 130/130/130 129/129/129
f 131/131/131 132/132/132 130/130/130
f 129/129/129 133/133/133 131/131/131
f 134/134/134 133/133/133 129/129/129
f 129/129/129 135/135/135 134/134/134
f 126/126/126 135/135/135 129/129/129
f 126/126/126 125/125/125 135/135/135
f 136/136/136 125/125/125 124/124/124
f 136/136/136 124/124/124 137/137/137
f 138/138/138 136/136/136 137/137/137
f 138/138/138 137/137/137 139/139/139
f 139/139/139 140/140/140 138/138/138
f 141/141/141 140/140/140 139/139/139
f 142/142/142 141/141/141 139/139/139
f 142/142/142 139/139/139 137/137/137
f 124/124/124 142/142/142 137/137/137
f 124/124/124 127/127/127 142/142/142
f 143/143/143 115/115/115 114/114/114
f 144/144/144 133/133/133 134/134/134
f 145/145/145 146/146/146 147/147/147
f 145/145/145 147/147/147 148/148/148
f 145/145/145 148/148/148 149/149/149
f 145/145/145 149/149/149 150/150/150
f 150/150/150 149/149/149 151/151/151
f 150/150/150 151/151/151 152/152/152
f 152/152/152 151/151/151 153/153/153
f 154/154/154 152/152/152 153/153/153
f 154/154/154 153/153/153 155/155/155
f 154/154/154 155/155/155 156/156/156
f 155/155/155 153/153/153 157/157/157
f 153/153/153 158/158/158 157/157/157
f 158/158/158 153/153/153 151/151/151
f 158/158/158 151/151/151 159/159/159
f 158/158/158 159/159/159 160/160/160
f 158/158/158 160/160/160 161/161/161
f 162/162/162 158/158/158 161/161/161
f 163/163/163 162/162/162 161/161/161
f 163/163/163 161/161/161 164/164/164
f 164/164/164 161/161/161 165/165/165
f 164/164/164 165/165/165 166/166/166
f 167/167/167 166/166/166 165/165/165
f 165/165/165 168/168/168 167/167/167
f 168/168/168 165/165/165 169/169/169
f 170/170/170 168/168/168 169/169/169
f 170/170/170 171/171/171 168/168/168
f 171/171/171 167/167/167 168/168/168
f 172/172/172 173/173/173 174/174/174
f 175/175/175 173/173/173 172/172/172
f 176/176/176 173/173/173 175/175/175
f 177/177/177 173/173/173 176/176/176
f 177/177/177 178/178/178 173/173/173
f 178/178/178 177/177/177 179/179/179
f 180/180/180 178/178/178 179/179/179
f 180/180/180 179/179/179 181/181/181
f 182/182/182 181/181/181 179/179/179
f 183/183/183 181/181/181 182/182/182
f 183/183/183 182/182/182 184/184/184
f 184/184/184 182/182/182 185/185/185
f 184/184/184 185/185/185 186/186/186
f 186/186/186 185/185/185 187/187/187
f 187/187/187 188/188/188 186/186/186
f 186/186/186 188/188/188 189/189/189
f 174/174/174 173/173/173 190/190/190
f 174/174/174 191/191/191 169/169/169
f 169/169/169 172/172/172 174/174/174
f 172/172/172 169/169/169 192/192/192
f 193/193/193 172/172/172 192/192/192
f 175/175/175 172/172/172 193/193/193
f 194/194/194 175/175/175 193/193/193
f 195/195/195 194/194/194 193/193/193
f 196/196/196 195/195/195 193/193/193
f 185/185/185 195/195/195 196/196/196
f 187/187/187 185/185/185 196/196/196
f 185/185/185 197/197/197 198/198/198
f 185/185/185 182/182/182 197/197/197
f 179/179/179 197/197/197 182/182/182
f 198/198/198 197/197/197 179/179/179
f 177/177/177 198/198/198 179/179/179
f 177/177/177 176/176/176 198/198/198
f 176/176/176 199/199/199 198/198/198
f 199/199/199 176/176/176 194/194/194
f 195/195/195 199/199/199 194/194/194
f 195/195/195 198/198/198 199/199/199
f 195/195/195 185/185/185 198/198/198
f 200/200/200 201/201/201 202/202/202
f 200/200/200 202/202/202 203/203/203
f 203/203/203 204/204/204 200/200/200
f 203/203/203 205/205/205 204/204/204
f 206/206/206 200/200/200 204/204/204
f 207/207/207 200/200/200 206/206/206
f 201/201/201 200/200/200 207/207/207
f 201/201/201 207/207/207 208/208/208
f 208/208/208 209/209/209 201/201/201
f 208/208/208 210/210/210 209/209/209
f 211/211/211 210/210/210 208/208/208
f 209/209/209 210/210/210 212/212/212
f 209/209/209 212/212/212 213/213/213
f 213/213/213 201/201/201 209/209/209
f 202/202/202 201/201/201 213/213/213
f 214/214/214 215/215/215 194/194/194
f 216/216/216 217/217/217 218/218/218
f 216/216/216 219/219/219 217/217/217
f 216/216/216 220/220/220 219/219/219
f 220/220/220 216/216/216 221/221/221
f 220/220/220 221/221/221 222/222/222
f 223/223/223 220/220/220 222/222/222
f 224/224/224 223/223/223 222/222/222
f 223/223/223 224/224/224 225/225/225
f 225/225/225 224/224/224 226/226/226
f 227/227/227 225/225/225 226/226/226
f 227/227/227 228/228/228 225/225/225
f 217/217/217 212/212/212 218/218/218
f 218/218/218 212/212/212 210/210/210
f 229/229/229 216/216/216 218/218/218
f 229/229/229 230/230/230 216/216/216
f 221/221/221 216/216/216 230/230/230
f 231/231/231 221/221/221 230/230/230
f 232/232/232 221/221/221 231/231/231
f 222/222/222 221/221/221 232/232/232
f 231/231/231 233/233/233 232/232/232
f 234/234/234 233/233/233 231/231/231
f 234/234/234 235/235/235 233/233/233
f 236/236/236 237/237/237 238/238/238
f 236/236/236 238/238/238 239/239/239
f 236/236/236 239/239/239 240/240/240
f 240/240/240 241/241/241 236/236/236
f 240/240/240 242/242/242 241/241/241
f 243/243/243 242/242/242 240/240/240
f 244/244/244 242/242/242 243/243/243
f 243/243/243 245/245/245 244/244/244
f 245/245/245 246/246/246 244/244/244
f 247/247/247 246/246/246 245/245/245
f 247/247/247 245/245/245 248/248/248
f 238/238/238 237/237/237 249/249/249
f 237/237/237 250/250/250 249/249/249
f 251/251/251 237/237/237 236/236/236
f 251/251/251 236/236/236 252/252/252
f 241/241/241 252/252/252 236/236/236
f 253/253/253 252/252/252 241/241/241
f 254/254/254 253/253/253 241/241/241
f 242/242/242 254/254/254 241/241/241
f 253/253/253 254/254/254 255/255/255
f 256/256/256 253/253/253 255/255/255
f 256/256/256 255/255/255 257/257/257
f 258/258/258 259/259/259 260/260/260
f 243/243/243 240/240/240 239/239/239
f 261/261/261 262/262/262 263/263/263
f 264/264/264 262/262/262 261/261/261
f 262/262/262 264/264/264 265/265/265
f 262/262/262 265/265/265 266/266/266
f 265/265/265 267/267/267 266/266/266
f 267/267/267 268/268/268 266/266/266
f 267/267/267 269/269/269 268/268/268
f 270/270/270 269/269/269 267/267/267
f 270/270/270 271/271/271 272/272/272
f 273/273/273 270/270/270 272/272/272
f 274/274/274 275/275/275 276/276/276
f 277/277/277 278/278/278 279/279/279
f 277/277/277 279/279/279 280/280/280
f 277/277/277 280/280/280 281/281/281
f 277/277/277 281/281/281 282/282/282
f 277/277/277 282/282/282 283/283/283
f 277/277/277 283/283/283 284/284/284
f 284/284/284 283/283/283 285/285/285
f 283/283/283 282/282/282 285/285/285
f 285/285/285 282/282/282 286/286/286
f 287/287/287 285/285/285 286/286/286
f 285/285/285 287/287/287 288/288/288
f 285/285/285 288/288/288 289/289/289
f 290/290/290 282/282/282 281/281/281
f 291/291/291 282/282/282 290/290/290
f 292/292/292 282/282/282 291/291/291
f 292/292/292 286/286/286 282/282/282
f 292/292/292 287/287/287 286/286/286
f 281/281/281 280/280/280 290/290/290
f 293/293/293 294/294/294 295/295/295
f 293/293/293 295/295/295 296/296/296
f 297/297/297 293/293/293 296/296/296
f 298/298/298 293/293/293 297/297/297
f 298/298/298 297/297/297 299/299/299
f 300/300/300 298/298/298 299/299/299
f 300/300/300 299/299/299 301/301/301
f 301/301/301 302/302/302 300/300/300
f 300/300/300 302/302/302 303/303/303
f 303/303/303 304/304/304 300/300/300
f 304/304/304 305/305/305 300/300/300
f 305/305/305 306/306/306 300/300/300
f 307/307/307 306/306/306 305/305/305
f 308/308/308 306/306/306 307/307/307
f 298/298/298 306/306/306 308/308/308
f 308/308/308 293/293/293 298/298/298
f 308/308/308 294/294/294 293/293/293
f 309/309/309 294/294/294 308/308/308
f 309/309/309 308/308/308 307/307/307
f 310/310/310 295/295/295 294/294/294
f 310/310/310 294/294/294 311/311/311
f 312/312/312 311/311/311 294/294/294
f 297/297/297 313/313/313 299/299/299
f 313/313/313 297/297/297 314/314/314
f 313/313/313 314/314/314 315/315/315
f 315/315/315 299/299/299 313/313/313
f 301/301/301 299/299/299 315/315/315
f 315/315/315 314/314/314 316/316/316
f 314/314/314 317/317/317 316/316/316
f 317/317/317 314/314/314 297/297/297
f 318/318/318 317/317/317 297/297/297
f 318/318/318 297/297/297 319/319/319
f 320/320/320 318/318/318 319/319/319
f 321/321/321 318/318/318 320/320/320
f 321/321/321 317/317/317 318/318/318
f 322/322/322 317/317/317 321/321/321
f 322/322/322 323/323/323 317/317/317
f 323/323/323 324/324/324 317/317/317
f 323/323/323 325/325/325 324/324/324
f 316/316/316 317/317/317 324/324/324
f 295/295/295 310/310/310 326/326/326
f 326/326/326 327/327/327 328/328/328
f 327/327/327 329/329/329 328/328/328
f 330/330/330 329/329/329 327/327/327
f 330/330/330 331/331/331 329/329/329
f 329/329/329 331/331/331 332/332/332
f 319/319/319 329/329/329 332/332/332
f 329/329/329 319/319/319 328/328/328
f 328/328/328 319/319/319 333/333/333
f 328/328/328 333/333/333 334/334/334
f 334/334/334 333/333/333 335/335/335
f 333/333/333 319/319/319 335/335/335
f 320/320/320 319/319/319 336/336/336
f 319/319/319 332/332/332 336/336/336
f 337/337/337 306/306/306 338/338/338
f 339/339/339 340/340/340 341/341/341
f 341/341/341 340/340/340 342/342/342
f 341/341/341 342/342/342 343/343/343
f 341/341/341 343/343/343 344/344/344
f 341/341/341 344/344/344 345/345/345
f 344/344/344 346/346/346 345/345/345
f 347/347/347 346/346/346 344/344/344
f 347/347/347 348/348/348 346/346/346
f 349/349/349 348/348/348 347/347/347
f 348/348/348 349/349/349 350/350/350
f 348/348/348 350/350/350 345/345/345
f 345/345/345 346/346/346 348/348/348
f 351/351/351 352/352/352 353/353/353
f 353/353/353 354/354/354 351/351/351
f 350/350/350 354/354/354 353/353/353
f 350/350/350 355/355/355 354/354/354
f 350/350/350 349/349/349 355/355/355
f 355/355/355 349/349/349 347/347/347
f 354/354/354 355/355/355 347/347/347
f 351/351/351 354/354/354 347/347/347
f 351/351/351 347/347/347 356/356/356
f 356/356/356 347/347/347 357/357/357
f 357/357/357 347/347/347 358/358/358
f 358/358/358 347/347/347 359/359/359
f 347/347/347 340/340/340 359/359/359
f 347/347/347 342/342/342 340/340/340
f 347/347/347 343/343/343 342/342/342
f 347/347/347 344/344/344 343/343/343
f 360/360/360 361/361/361 362/362/362
f 360/360/360 363/363/363 361/361/361
f 364/364/364 363/363/363 360/360/360
f 365/365/365 364/364/364 360/360/360
f 365/365/365 366/366/366 364/364/364
f 367/367/367 366/366/366 365/365/365
f 367/367/367 368/368/368 366/366/366
f 368/368/368 367/367/367 369/369/369
f 367/367/367 370/370/370 369/369/369
f 370/370/370 367/367/367 371/371/371
f 371/371/371 367/367/367 372/372/372
f 372/372/372 367/367/367 373/373/373
f 374/374/374 372/372/372 373/373/373
f 375/375/375 374/374/374 373/373/373
f 365/365/365 375/375/375 373/373/373
f 375/375/375 365/365/365 360/360/360
f 375/375/375 360/360/360 362/362/362
f 376/376/376 375/375/375 362/362/362
f 376/376/376 374/374/374 375/375/375
f 377/377/377 362/362/362 361/361/361
f 361/361/361 378/378/378 377/377/377
f 378/378/378 361/361/361 379/379/379
f 379/379/379 361/361/361 380/380/380
f 381/381/381 379/379/379 380/380/380
f 381/381/381 380/380/380 382/382/382
f 380/380/380 383/383/383 382/382/382
f 384/384/384 383/383/383 380/380/380
f 380/380/380 361/361/361 384/384/384
f 361/361/361 385/385/385 384/384/384
f 361/361/361 363/363/363 385/385/385
f 363/363/363 364/364/364 385/385/385
f 385/385/385 364/364/364 384/384/384
f 386/386/386 384/384/384 364/364/364
f 386/386/386 364/364/364 387/387/387
f 388/388/388 386/386/386 387/387/387
f 388/388/388 389/389/389 386/386/386
f 389/389/389 384/384/384 386/386/386
f 389/389/389 390/390/390 384/384/384
f 384/384/384 390/390/390 383/383/383
f 364/364/364 366/366/366 391/391/391
f 391/391/391 392/392/392 364/364/364
f 391/391/391 393/393/393 392/392/392
f 393/393/393 391/391/391 366/366/366
f 368/368/368 393/393/393 366/366/366
f 393/393/393 394/394/394 392/392/392
f 392/392/392 394/394/394 387/387/387
f 387/387/387 364/364/364 392/392/392
f 395/395/395 387/387/387 396/396/396
f 397/397/397 387/387/387 395/395/395
f 397/397/397 388/388/388 387/387/387
f 394/394/394 396/396/396 387/387/387
f 395/395/395 396/396/396 398/398/398
f 399/399/399 400/400/400 401/401/401
f 377/377/377 401/401/401 400/400/400
f 402/402/402 403/403/403 373/373/373
f 404/404/404 405/405/405 406/406/406
f 405/405/405 407/407/407 406/406/406
f 405/405/405 408/408/408 407/407/407
f 405/405/405 409/409/409 408/408/408
f 405/405/405 410/410/410 409/409/409
f 409/409/409 410/410/410 411/411/411
f 412/412/412 409/409/409 411/411/411
f 412/412/412 411/411/411 413/413/413
f 414/414/414 412/412/412 413/413/413
f 413/413/413 415/415/415 414/414/414
f 413/413/413 410/410/410 415/415/415
f 410/410/410 413/413/413 411/411/411
f 416/416/416 417/417/417 418/418/418
f 417/417/417 416/416/416 419/419/419
f 415/415/415 417/417/417 419/419/419
f 415/415/415 419/419/419 420/420/420
f 415/415/415 420/420/420 414/414/414
f 420/420/420 412/412/412 414/414/414
f 419/419/419 412/412/412 420/420/420
f 416/416/416 412/412/412 419/419/419
f 416/416/416 421/421/421 412/412/412
f 421/421/421 422/422/422 412/412/412
f 422/422/422 423/423/423 412/412/412
f 423/423/423 424/424/424 412/412/412
f 412/412/412 424/424/424 406/406/406
f 412/412/412 406/406/406 407/407/407
f 412/412/412 407/407/407 408/408/408
f 412/412/412 408/408/408 409/409/409
f 425/425/425 426/426/426 427/427/427
f 426/426/426 425/425/425 428/428/428
f 425/425/425 429/429/429 428/428/428
f 430/430/430 429/429/429 425/425/425
f 431/431/431 430/430/430 425/425/425
f 431/431/431 432/432/432 430/430/430
f 431/431/431 433/433/433 432/432/432
f 433/433/433 434/434/434 432/432/432
f 435/435/435 434/434/434 433/433/433
f 436/436/436 434/434/434 435/435/435
f 436/436/436 435/435/435 437/437/437
f 435/435/435 438/438/438 437/437/437
f 435/435/435 439/439/439 438/438/438
f 435/435/435 440/440/440 439/439/439
f 440/440/440 435/435/435 433/433/433
f 426/426/426 441/441/441 427/427/427
f 438/438/438 442/442/442 437/437/437
f 443/443/443 444/444/444 445/445/445
f 445/445/445 446/446/446 443/443/443
f 443/443/443 446/446/446 447/447/447
f 448/448/448 443/443/443 447/447/447
f 449/449/449 443/443/443 448/448/448
f 449/449/449 448/448/448 450/450/450
f 449/449/449 450/450/450 451/451/451
f 451/451/451 450/450/450 452/452/452
f 453/453/453 451/451/451 452/452/452
f 454/454/454 453/453/453 452/452/452
f 454/454/454 455/455/455 453/453/453
f 453/453/453 455/455/455 456/456/456
f 453/453/453 456/456/456 457/457/457
f 453/453/453 457/457/457 458/458/458
f 458/458/458 451/451/451 453/453/453
f 445/445/445 444/444/444 459/459/459
f 456/456/456 455/455/455 460/460/460
f 461/461/461 434/434/434 436/436/436
f 434/434/434 461/461/461 462/462/462
f 434/434/434 462/462/462 432/432/432
f 463/463/463 432/432/432 462/462/462
f 463/463/463 464/464/464 465/465/465
f 464/464/464 463/463/463 466/466/466
f 464/464/464 466/466/466 467/467/467
f 467/467/467 466/466/466 468/468/468
f 467/467/467 468/468/468 469/469/469
f 470/470/470 467/467/467 469/469/469
f 469/469/469 468/468/468 471/471/471
f 469/469/469 471/471/471 472/472/472
f 472/472/472 471/471/471 473/473/473
f 473/473/473 471/471/471 474/474/474
f 475/475/475 473/473/473 474/474/474
f 474/474/474 476/476/476 475/475/475
f 477/477/477 476/476/476 474/474/474
f 471/471/471 477/477/477 474/474/474
f 468/468/468 477/477/477 471/471/471
f 478/478/478 477/477/477 468/468/468
f 468/468/468 466/466/466 478/478/478
f 463/463/463 479/479/479 466/466/466
f 480/480/480 479/479/479 463/463/463
f 480/480/480 463/463/463 481/481/481
f 481/481/481 482/482/482 480/480/480
f 481/481/481 483/483/483 482/482/482
f 462/462/462 483/483/483 481/481/481
f 461/461/461 483/483/483 462/462/462
f 483/483/483 484/484/484 482/482/482
f 485/485/485 482/482/482 484/484/484
f 484/484/484 486/486/486 485/485/485
f 485/485/485 486/486/486 487/487/487
f 488/488/488 485/485/485 487/487/487
f 482/482/482 485/485/485 488/488/488
f 482/482/482 488/488/488 480/480/480
f 489/489/489 488/488/488 487/487/487
f 489/489/489 487/487/487 490/490/490
f 491/491/491 489/489/489 490/490/490
f 492/492/492 491/491/491 490/490/490
f 490/490/490 493/493/493 492/492/492
f 490/490/490 494/494/494 493/493/493
f 495/495/495 494/494/494 490/490/490
f 487/487/487 495/495/495 490/490/490
f 486/486/486 495/495/495 487/487/487
f 496/496/496 497/497/497 491/491/491
f 479/479/479 497/497/497 496/496/496
f 497/497/497 479/479/479 480/480/480
f 479/479/479 496/496/496 498/498/498
f 499/499/499 479/479/479 498/498/498
f 481/481/481 500/500/500 501/501/501
f 502/502/502 503/503/503 504/504/504
f 504/504/504 505/505/505 502/502/502
f 504/504/504 506/506/506 505/505/505
f 507/507/507 505/505/505 506/506/506
f 507/507/507 506/506/506 508/508/508
f 508/508/508 509/509/509 507/507/507
f 508/508/508 510/510/510 509/509/509
f 510/510/510 511/511/511 509/509/509
f 510/510/510 512/512/512 511/511/511
f 513/513/513 512/512/512 510/510/510
f 512/512/512 514/514/514 511/511/511
f 512/512/512 515/515/515 514/514/514
f 515/515/515 516/516/516 514/514/514
f 516/516/516 517/517/517 514/514/514
f 518/518/518 517/517/517 516/516/516
f 517/517/517 518/518/518 519/519/519
f 520/520/520 517/517/517 519/519/519
f 514/514/514 517/517/517 520/520/520
f 511/511/511 514/514/514 520/520/520
f 521/521/521 511/511/511 520/520/520
f 511/511/511 521/521/521 509/509/509
f 520/520/520 522/522/522 521/521/521
f 522/522/522 520/520/520 519/519/519
f 522/522/522 523/523/523 521/521/521
f 524/524/524 525/525/525 526/526/526
f 524/524/524 526/526/526 527/527/527
f 528/528/528 524/524/524 527/527/527
f 529/529/529 524/524/524 528/528/528
f 530/530/530 524/524/524 529/529/529
f 531/531/531 524/524/524 530/530/530
f 525/525/525 524/524/524 531/531/531
f 532/532/532 531/531/531 533/533/533
f 534/534/534 532/532/532 533/533/533
f 533/533/533 535/535/535 534/534/534
f 535/535/535 507/507/507 534/534/534
f 535/535/535 536/536/536 507/507/507
f 536/536/536 535/535/535 537/537/537
f 536/536/536 537/537/537 538/538/538
f 536/536/536 538/538/538 539/539/539
f 536/536/536 539/539/539 540/540/540
f 538/538/538 541/541/541 539/539/539
f 538/538/538 537/537/537 542/542/542
f 543/543/543 542/542/542 537/537/537
f 542/542/542 543/543/543 544/544/544
f 543/543/543 529/529/529 544/544/544
f 545/545/545 529/529/529 543/543/543
f 537/537/537 545/545/545 543/543/543
f 537/537/537 535/535/535 545/545/545
f 530/530/530 529/529/529 545/545/545
f 544/544/544 529/529/529 528/528/528
f 540/540/540 546/546/546 534/534/534
f 546/546/546 547/547/547 534/534/534
f 534/534/534 547/547/547 532/532/532
f 548/548/548 549/549/549 550/550/550
f 548/548/548 550/550/550 551/551/551
f 548/548/548 551/551/551 552/552/552
f 548/548/548 552/552/552 553/553/553
f 554/554/554 555/555/555 556/556/556
f 557/557/557 554/554/554 558/558/558
f 558/558/558 559/559/559 557/557/557
f 557/557/557 559/559/559 560/560/560
f 561/561/561 562/562/562 563/563/563
f 561/561/561 564/564/564 562/562/562
f 561/561/561 565/565/565 564/564/564
f 561/561/561 566/566/566 565/565/565
f 567/567/567 568/568/568 569/569/569
f 570/570/570 571/571/571 572/572/572
f 573/573/573 570/570/570 572/572/572
f 574/574/574 573/573/573 572/572/572
f 574/574/574 572/572/572 575/575/575
f 575/575/575 576/576/576 574/574/574
f 574/574/574 576/576/576 577/577/577
f 574/574/574 577/577/577 578/578/578
f 574/574/574 578/578/578 579/579/579
f 579/579/579 573/573/573 574/574/574
f 579/579/579 580/580/580 573/573/573
f 581/581/581 580/580/580 579/579/579
f 582/582/582 581/581/581 579/579/579
f 582/582/582 583/583/583 581/581/581
f 584/584/584 583/583/583 582/582/582
f 584/584/584 582/582/582 585/585/585
f 586/586/586 584/584/584 585/585/585
f 587/587/587 586/586/586 585/585/585
f 588/588/588 587/587/587 585/585/585
f 578/578/578 588/588/588 585/585/585
f 585/585/585 579/579/579 578/578/578
f 585/585/585 582/582/582 579/579/579
f 583/583/583 589/589/589 581/581/581
f 583/583/583 590/590/590 589/589/589
f 583/583/583 591/591/591 590/590/590
f 584/584/584 591/591/591 583/583/583
f 591/591/591 584/584/584 592/592/592
f 592/592/592 584/584/584 593/593/593
f 593/593/593 584/584/584 586/586/586
f 594/594/594 593/593/593 586/586/586
f 586/586/586 587/587/587 594/594/594
f 587/587/587 595/595/595 594/594/594
f 596/596/596 595/595/595 587/587/587
f 596/596/596 587/587/587 597/597/597
f 596/596/596 597/597/597 598/598/598
f 596/596/596 598/598/598 599/599/599
f 599/599/599 598/598/598 600/600/600
f 600/600/600 598/598/598 601/601/601
f 601/601/601 602/602/602 600/600/600
f 602/602/602 601/601/601 603/603/603
f 602/602/602 603/603/603 604/604/604
f 604/604/604 603/603/603 577/577/577
f 604/604/604 577/577/577 605/605/605
f 605/605/605 577/577/577 576/576/576
f 577/577/577 601/601/601 578/578/578
f 577/577/577 603/603/603 601/601/601
f 588/588/588 578/578/578 601/601/601
f 598/598/598 588/588/588 601/601/601
f 598/598/598 597/597/597 588/588/588
f 588/588/588 597/597/597 587/587/587
f 581/581/581 589/589/589 606/606/606
f 581/581/581 606/606/606 607/607/607
f 581/581/581 607/607/607 580/580/580
f 580/580/580 607/607/607 608/608/608
f 580/580/580 608/608/608 609/609/609
f 580/580/580 609/609/609 610/610/610
f 610/610/610 609/609/609 611/611/611
f 609/609/609 612/612/612 611/611/611
f 608/608/608 612/612/612 609/609/609
f 613/613/613 612/612/612 608/608/608
f 613/613/613 608/608/608 607/607/607
f 607/607/607 606/606/606 613/613/613
f 606/606/606 614/614/614 613/613/613
f 589/589/589 614/614/614 606/606/606
f 589/589/589 615/615/615 614/614/614
f 590/590/590 615/615/615 589/589/589
f 616/616/616 615/615/615 590/590/590
f 590/590/590 617/617/617 616/616/616
f 618/618/618 617/617/617 590/590/590
f 591/591/591 618/618/618 590/590/590
f 619/619/619 617/617/617 618/618/618
f 619/619/619 620/620/620 617/617/617
f 621/621/621 620/620/620 619/619/619
f 622/622/622 620/620/620 621/621/621
f 621/621/621 623/623/623 622/622/622
f 622/622/622 623/623/623 624/624/624
f 622/622/622 624/624/624 625/625/625
f 626/626/626 622/622/622 625/625/625
f 625/625/625 627/627/627 626/626/626
f 628/628/628 627/627/627 625/625/625
f 628/628/628 625/625/625 624/624/624
f 628/628/628 624/624/624 629/629/629
f 628/628/628 629/629/629 630/630/630
f 631/631/631 628/628/628 630/630/630
f 613/613/613 631/631/631 630/630/630
f 613/613/613 630/630/630 632/632/632
f 613/613/613 632/632/632 612/612/612
f 612/612/612 632/632/632 611/611/611
f 632/632/632 630/630/630 611/611/611
f 633/633/633 631/631/631 613/613/613
f 613/613/613 614/614/614 633/633/633
f 615/615/615 633/633/633 614/614/614
f 615/615/615 627/627/627 633/633/633
f 615/615/615 626/626/626 627/627/627
f 616/616/616 626/626/626 615/615/615
f 620/620/620 626/626/626 616/616/616
f 626/626/626 620/620/620 622/622/622
f 617/617/617 620/620/620 616/616/616
f 624/624/624 623/623/623 629/629/629
f 629/629/629 623/623/623 634/634/634
f 633/633/633 627/627/627 628/628/628
f 633/633/633 628/628/628 631/631/631
f 619/619/619 635/635/635 621/621/621
f 636/636/636 637/637/637 638/638/638
f 639/639/639 637/637/637 636/636/636
f 639/639/639 636/636/636 640/640/640
f 641/641/641 639/639/639 640/640/640
f 639/639/639 641/641/641 642/642/642
f 639/639/639 642/642/642 643/643/643
f 639/639/639 643/643/643 644/644/644
f 637/637/637 639/639/639 644/644/644
f 645/645/645 644/644/644 643/643/643
f 646/646/646 645/645/645 643/643/643
f 646/646/646 643/643/643 647/647/647
f 648/648/648 646/646/646 647/647/647
f 648/648/648 647/647/647 649/649/649
f 649/649/649 650/650/650 648/648/648
f 650/650/650 649/649/649 651/651/651
f 652/652/652 650/650/650 651/651/651
f 653/653/653 652/652/652 651/651/651
f 653/653/653 651/651/651 654/654/654
f 653/653/653 654/654/654 655/655/655
f 653/653/653 655/655/655 656/656/656
f 655/655/655 657/657/657 656/656/656
f 658/658/658 657/657/657 655/655/655
f 655/655/655 659/659/659 658/658/658
f 660/660/660 659/659/659 655/655/655
f 642/642/642 659/659/659 660/660/660
f 659/659/659 642/642/642 641/641/641
f 659/659/659 641/641/641 661/661/661
f 662/662/662 659/659/659 661/661/661
f 658/658/658 659/659/659 662/662/662
f 663/663/663 658/658/658 662/662/662
f 657/657/657 658/658/658 663/663/663
f 664/664/664 663/663/663 662/662/662
f 665/665/665 664/664/664 662/662/662
f 662/662/662 666/666/666 665/665/665
f 662/662/662 661/661/661 666/666/666
f 661/661/661 667/667/667 666/666/666
f 661/661/661 641/641/641 667/667/667
f 667/667/667 641/641/641 668/668/668
f 667/667/667 668/668/668 669/669/669
f 667/667/667 669/669/669 670/670/670
f 667/667/667 670/670/670 671/671/671
f 667/667/667 671/671/671 666/666/666
f 666/666/666 671/671/671 672/672/672
f 666/666/666 672/672/672 665/665/665
f 665/665/665 672/672/672 673/673/673
f 673/673/673 672/672/672 674/674/674
f 675/675/675 673/673/673 674/674/674
f 675/675/675 674/674/674 676/676/676
f 677/677/677 675/675/675 676/676/676
f 675/675/675 677/677/677 678/678/678
f 677/677/677 679/679/679 680/680/680
f 679/679/679 677/677/677 676/676/676
f 681/681/681 679/679/679 676/676/676
f 681/681/681 682/682/682 679/679/679
f 682/682/682 681/681/681 683/683/683
f 684/684/684 682/682/682 683/683/683
f 684/684/684 685/685/685 682/682/682
f 684/684/684 686/686/686 685/685/685
f 684/684/684 687/687/687 686/686/686
f 688/688/688 687/687/687 684/684/684
f 689/689/689 687/687/687 688/688/688
f 689/689/689 690/690/690 687/687/687
f 689/689/689 691/691/691 690/690/690
f 689/689/689 692/692/692 691/691/691
f 689/689/689 669/669/669 692/692/692
f 669/669/669 689/689/689 670/670/670
f 670/670/670 689/689/689 693/693/693
f 671/671/671 670/670/670 693/693/693
f 671/671/671 693/693/693 694/694/694
f 672/672/672 671/671/671 694/694/694
f 695/695/695 672/672/672 694/694/694
f 672/672/672 695/695/695 674/674/674
f 674/674/674 695/695/695 676/676/676
f 676/676/676 695/695/695 681/681/681
f 695/695/695 694/694/694 681/681/681
f 694/694/694 683/683/683 681/681/681
f 694/694/694 696/696/696 683/683/683
f 694/694/694 693/693/693 696/696/696
f 689/689/689 696/696/696 693/693/693
f 696/696/696 689/689/689 688/688/688
f 696/696/696 688/688/688 684/684/684
f 696/696/696 684/684/684 683/683/683
f 697/697/697 686/686/686 687/687/687
f 698/698/698 686/686/686 697/697/697
f 698/698/698 697/697/697 699/699/699
f 698/698/698 699/699/699 668/668/668
f 700/700/700 698/698/698 701/701/701
f 701/701/701 692/692/692 702/702/702
f 701/701/701 699/699/699 692/692/692
f 699/699/699 691/691/691 692/692/692
f 699/699/699 697/697/697 691/691/691
f 697/697/697 690/690/690 691/691/691
f 690/690/690 697/697/697 687/687/687
f 685/685/685 686/686/686 680/680/680
f 679/679/679 685/685/685 680/680/680
f 679/679/679 682/682/682 685/685/685
f 703/703/703 704/704/704 705/705/705
f 705/705/705 704/704/704 706/706/706
f 707/707/707 708/708/708 709/709/709
f 710/710/710 707/707/707 709/709/709
f 710/710/710 711/711/711 707/707/707
f 707/707/707 711/711/711 712/712/712
f 713/713/713 712/712/712 711/711/711
f 714/714/714 713/713/713 711/711/711
f 715/715/715 716/716/716 717/717/717
f 716/716/716 718/718/718 717/717/717
f 719/719/719 720/720/720 721/721/721
f 721/721/721 722/722/722 719/719/719
f 723/723/723 722/722/722 721/721/721
f 723/723/723 724/724/724 722/722/722
f 725/725/725 724/724/724 723/723/723
f 726/726/726 724/724/724 725/725/725
f 726/726/726 725/725/725 727/727/727
f 726/726/726 727/727/727 728/728/728
f 729/729/729 728/728/728 727/727/727
f 730/730/730 728/728/728 729/729/729
f 730/730/730 729/729/729 731/731/731
f 731/731/731 729/729/729 732/732/732
f 731/731/731 732/732/732 733/733/733
f 731/731/731 733/733/733 734/734/734
f 734/734/734 733/733/733 735/735/735
f 733/733/733 736/736/736 735/735/735
f 732/732/732 736/736/736 733/733/733
f 737/737/737 736/736/736 732/732/732
f 729/729/729 737/737/737 732/732/732
f 729/729/729 727/727/727 737/737/737
f 723/723/723 737/737/737 727/727/727
f 727/727/727 725/725/725 723/723/723
f 723/723/723 721/721/721 737/737/737
f 737/737/737 721/721/721 738/738/738
f 738/738/738 736/736/736 737/737/737
f 738/738/738 739/739/739 736/736/736
f 739/739/739 738/738/738 720/720/720
f 720/720/720 738/738/738 721/721/721
f 740/740/740 741/741/741 742/742/742
f 741/741/741 743/743/743 742/742/742
f 744/744/744 743/743/743 741/741/741
f 745/745/745 743/743/743 744/744/744
f 745/745/745 746/746/746 743/743/743
f 743/743/743 746/746/746 747/747/747
f 748/748/748 743/743/743 747/747/747
f 749/749/749 743/743/743 748/748/748
f 749/749/749 742/742/742 743/743/743
f 742/742/742 749/749/749 750/750/750
f 739/739/739 735/735/735 736/736/736
f 751/751/751 752/752/752 753/753/753
f 752/752/752 751/751/751 754/754/754
f 755/755/755 752/752/752 754/754/754
f 755/755/755 754/754/754 756/756/756
f 757/757/757 755/755/755 756/756/756
f 758/758/758 757/757/757 756/756/756
f 758/758/758 759/759/759 757/757/757
f 758/758/758 760/760/760 759/759/759
f 761/761/761 759/759/759 760/760/760
f 762/762/762 761/761/761 760/760/760
f 762/762/762 763/763/763 761/761/761
f 763/763/763 764/764/764 761/761/761
f 763/763/763 765/765/765 764/764/764
f 763/763/763 766/766/766 765/765/765
f 766/766/766 767/767/767 765/765/765
f 765/765/765 767/767/767 768/768/768
f 764/764/764 765/765/765 768/768/768
f 769/769/769 764/764/764 768/768/768
f 761/761/761 764/764/764 769/769/769
f 761/761/761 769/769/769 759/759/759
f 755/755/755 759/759/759 769/769/769
f 759/759/759 755/755/755 757/757/757
f 755/755/755 769/769/769 752/752/752
f 769/769/769 770/770/770 752/752/752
f 770/770/770 769/769/769 768/768/768
f 770/770/770 768/768/768 771/771/771
f 771/771/771 753/753/753 770/770/770
f 753/753/753 752/752/752 770/770/770
f 772/772/772 773/773/773 774/774/774
f 774/774/774 773/773/773 775/775/775
f 776/776/776 774/774/774 775/775/775
f 777/777/777 776/776/776 775/775/775
f 777/777/777 775/775/775 778/778/778
f 775/775/775 779/779/779 778/778/778
f 780/780/780 779/779/779 775/775/775
f 781/781/781 780/780/780 775/775/775
f 781/781/781 775/775/775 773/773/773
f 773/773/773 782/782/782 781/781/781
f 771/771/771 768/768/768 767/767/767
f 783/783/783 784/784/784 785/785/785
f 784/784/784 783/783/783 786/786/786
f 787/787/787 784/784/784 786/786/786
f 784/784/784 787/787/787 788/788/788
f 784/784/784 788/788/788 785/785/785
f 785/785/785 788/788/788 789/789/789
f 788/788/788 790/790/790 789/789/789
f 788/788/788 791/791/791 790/790/790
f 787/787/787 791/791/791 788/788/788
f 787/787/787 792/792/792 791/791/791
f 792/792/792 787/787/787 786/786/786
f 793/793/793 792/792/792 786/786/786
f 792/792/792 793/793/793 794/794/794
f 792/792/792 794/794/794 791/791/791
f 791/791/791 794/794/794 795/795/795
f 791/791/791 795/795/795 790/790/790
f 790/790/790 795/795/795 796/796/796
f 790/790/790 796/796/796 797/797/797
f 789/789/789 790/790/790 797/797/797
f 797/797/797 796/796/796 798/798/798
f 796/796/796 799/799/799 798/798/798
f 796/796/796 800/800/800 799/799/799
f 795/795/795 800/800/800 796/796/796
f 795/795/795 801/801/801 800/800/800
f 794/794/794 801/801/801 795/795/795
f 794/794/794 802/802/802 801/801/801
f 793/793/793 802/802/802 794/794/794
f 793/793/793 803/803/803 802/802/802
f 803/803/803 793/793/793 786/786/786
f 803/803/803 804/804/804 802/802/802
f 802/802/802 804/804/804 805/805/805
f 802/802/802 805/805/805 801/801/801
f 801/801/801 805/805/805 806/806/806
f 801/801/801 806/806/806 800/800/800
f 800/800/800 806/806/806 807/807/807
f 800/800/800 807/807/807 799/799/799
f 799/799/799 807/807/807 808/808/808
f 799/799/799 808/808/808 809/809/809
f 798/798/798 799/799/799 809/809/809
f 809/809/809 808/808/808 810/810/810
f 808/808/808 811/811/811 810/810/810
f 808/808/808 812/812/812 811/811/811
f 807/807/807 812/812/812 808/808/808
f 807/807/807 813/813/813 812/812/812
f 806/806/806 813/813/813 807/807/807
f 806/806/806 814/814/814 813/813/813
f 805/805/805 814/814/814 806/806/806
f 805/805/805 815/815/815 814/814/814
f 804/804/804 815/815/815 805/805/805
f 815/815/815 816/816/816 814/814/814
f 814/814/814 816/816/816 817/817/817
f 814/814/814 817/817/817 813/813/813
f 813/813/813 817/817/817 818/818/818
f 813/813/813 818/818/818 812/812/812
f 812/812/812 818/818/818 819/819/819
f 812/812/812 819/819/819 811/811/811
f 811/811/811 819/819/819 820/820/820
f 811/811/811 820/820/820 821/821/821
f 810/810/810 811/811/811 821/821/821
f 821/821/821 820/820/820 822/822/822
f 820/820/820 823/823/823 822/822/822
f 820/820/820 824/824/824 823/823/823
f 819/819/819 824/824/824 820/820/820
f 819/819/819 825/825/825 824/824/824
f 818/818/818 825/825/825 819/819/819
f 818/818/818 826/826/826 825/825/825
f 817/817/817 826/826/826 818/818/818
f 817/817/817 827/827/827 826/826/826
f 816/816/816 827/827/827 817/817/817
f 827/827/827 828/828/828 826/826/826
f 826/826/826 828/828/828 829/829/829
f 826/826/826 829/829/829 825/825/825
f 825/825/825 829/829/829 830/830/830
f 825/825/825 830/830/830 831/831/831
f 825/825/825 831/831/831 824/824/824
f 824/824/824 831/831/831 832/832/832
f 824/824/824 832/832/832 823/823/823
f 823/823/823 832/832/832 833/833/833
f 822/822/822 823/823/823 833/833/833
f 832/832/832 834/834/834 833/833/833
f 831/831/831 834/834/834 832/832/832
f 831/831/831 835/835/835 834/834/834
f 830/830/830 835/835/835 831/831/831
f 830/830/830 836/836/836 835/835/835
f 829/829/829 836/836/836 830/830/830
f 828/828/828 836/836/836 829/829/829
f 836/836/836 837/837/837 835/835/835
f 835/835/835 837/837/837 838/838/838
f 835/835/835 838/838/838 834/834/834
f 834/834/834 838/838/838 833/833/833
f 838/838/838 839/839/839 833/833/833
f 837/837/837 839/839/839 838/838/838
f 840/840/840 841/841/841 842/842/842
f 842/842/842 843/843/843 840/840/840
f 844/844/844 843/843/843 842/842/842
f 842/842/842 845/845/845 844/844/844
f 841/841/841 845/845/845 842/842/842
f 841/841/841 846/846/846 845/845/845
f 846/846/846 847/847/847 845/845/845
f 846/846/846 848/848/848 847/847/847
f 848/848/848 849/849/849 847/847/847
f 848/848/848 850/850/850 849/849/849
f 850/850/850 851/851/851 849/849/849
f 850/850/850 852/852/852 851/851/851
f 852/852/852 853/853/853 851/851/851
f 852/852/852 854/854/854 853/853/853
f 854/854/854 855/855/855 853/853/853
f 854/854/854 856/856/856 855/855/855
f 856/856/856 857/857/857 855/855/855
f 856/856/856 858/858/858 857/857/857
f 858/858/858 859/859/859 857/857/857
f 858/858/858 860/860/860 859/859/859
f 859/859/859 860/860/860 861/861/861
f 859/859/859 861/861/861 862/862/862
f 857/857/857 859/859/859 862/862/862
f 857/857/857 862/862/862 863/863/863
f 855/855/855 857/857/857 863/863/863
f 855/855/855 863/863/863 864/864/864
f 853/853/853 855/855/855 864/864/864
f 853/853/853 864/864/864 865/865/865
f 851/851/851 853/853/853 865/865/865
f 851/851/851 865/865/865 866/866/866
f 849/849/849 851/851/851 866/866/866
f 849/849/849 866/866/866 867/867/867
f 847/847/847 849/849/849 867/867/867
f 847/847/847 867/867/867 868/868/868
f 845/845/845 847/847/847 868/868/868
f 845/845/845 868/868/868 844/844/844
f 844/844/844 868/868/868 869/869/869
f 869/869/869 843/843/843 844/844/844
f 870/870/870 843/843/843 869/869/869
f 869/869/869 871/871/871 870/870/870
f 868/868/868 871/871/871 869/869/869
f 868/868/868 867/867/867 871/871/871
f 867/867/867 872/872/872 871/871/871
f 867/867/867 866/866/866 872/872/872
f 866/866/866 873/873/873 872/872/872
f 866/866/866 865/865/865 873/873/873
f 865/865/865 874/874/874 873/873/873
f 865/865/865 864/864/864 874/874/874
f 864/864/864 875/875/875 874/874/874
f 864/864/864 863/863/863 875/875/875
f 863/863/863 876/876/876 875/875/875
f 863/863/863 862/862/862 876/876/876
f 862/862/862 877/877/877 876/876/876
f 862/862/862 861/861/861 877/877/877
f 861/861/861 878/878/878 877/877/877
f 861/861/861 860/860/860 878/878/878
f 878/878/878 860/860/860 879/879/879
f 878/878/878 879/879/879 880/880/880
f 877/877/877 878/878/878 880/880/880
f 877/877/877 880/880/880 881/881/881
f 876/876/876 877/877/877 881/881/881
f 876/876/876 881/881/881 882/882/882
f 875/875/875 876/876/876 882/882/882
f 875/875/875 882/882/882 883/883/883
f 874/874/874 875/875/875 883/883/883
f 874/874/874 883/883/883 884/884/884
f 873/873/873 874/874/874 884/884/884
f 873/873/873 884/884/884 885/885/885
f 872/872/872 873/873/873 885/885/885
f 872/872/872 885/885/885 886/886/886
f 871/871/871 872/872/872 886/886/886
f 871/871/871 886/886/886 870/870/870
f 870/870/870 886/886/886 887/887/887
f 887/887/887 888/888/888 870/870/870
f 886/886/886 889/889/889 887/887/887
f 886/886/886 885/885/885 889/889/889
f 885/885/885 890/890/890 889/889/889
f 885/885/885 884/884/884 890/890/890
f 884/884/884 891/891/891 890/890/890
f 884/884/884 883/883/883 891/891/891
f 883/883/883 892/892/892 891/891/891
f 883/883/883 882/882/882 892/892/892
f 882/882/882 893/893/893 892/892/892
f 882/882/882 894/894/894 893/893/893
f 882/882/882 881/881/881 894/894/894
f 894/894/894 881/881/881 893/893/893
f 893/893/893 881/881/881 895/895/895
f 881/881/881 880/880/880 895/895/895
f 880/880/880 896/896/896 895/895/895
f 880/880/880 879/879/879 896/896/896
f 879/879/879 897/897/897 896/896/896
f 879/879/879 898/898/898 897/897/897
f 899/899/899 900/900/900 901/901/901
f 899/899/899 902/902/902 900/900/900
f 899/899/899 903/903/903 902/902/902
f 899/899/899 904/904/904 903/903/903
f 904/904/904 905/905/905 903/903/903
f 904/904/904 906/906/906 905/905/905
f 906/906/906 907/907/907 905/905/905
f 908/908/908 907/907/907 906/906/906
f 908/908/908 909/909/909 907/907/907
f 908/908/908 910/910/910 909/909/909
f 909/909/909 911/911/911 907/907/907
f 907/907/907 911/911/911 912/912/912
f 912/912/912 905/905/905 907/907/907
f 912/912/912 913/913/913 905/905/905
f 912/912/912 914/914/914 913/913/913
f 912/912/912 915/915/915 914/914/914
f 916/916/916 915/915/915 912/912/912
f 917/917/917 915/915/915 916/916/916
f 917/917/917 918/918/918 915/915/915
f 918/918/918 919/919/919 915/915/915
f 918/918/918 920/920/920 919/919/919
f 921/921/921 919/919/919 920/920/920
f 919/919/919 921/921/921 922/922/922
f 922/922/922 923/923/923 919/919/919
f 924/924/924 923/923/923 922/922/922
f 924/924/924 922/922/922 925/925/925
f 925/925/925 922/922/922 921/921/921
f 926/926/926 927/927/927 928/928/928
f 929/929/929 926/926/926 928/928/928
f 930/930/930 929/929/929 928/928/928
f 931/931/931 930/930/930 928/928/928
f 931/931/931 928/928/928 932/932/932
f 932/932/932 933/933/933 931/931/931
f 934/934/934 933/933/933 932/932/932
f 934/934/934 935/935/935 933/933/933
f 936/936/936 933/933/933 935/935/935
f 937/937/937 936/936/936 935/935/935
f 937/937/937 938/938/938 936/936/936
f 938/938/938 939/939/939 936/936/936
f 938/938/938 940/940/940 939/939/939
f 940/940/940 941/941/941 939/939/939
f 941/941/941 940/940/940 942/942/942
f 940/940/940 943/943/943 942/942/942
f 927/927/927 944/944/944 928/928/928
f 927/927/927 923/923/923 945/945/945
f 923/923/923 927/927/927 926/926/926
f 926/926/926 946/946/946 923/923/923
f 947/947/947 946/946/946 926/926/926
f 947/947/947 926/926/926 929/929/929
f 948/948/948 947/947/947 929/929/929
f 949/949/949 947/947/947 948/948/948
f 950/950/950 947/947/947 949/949/949
f 939/939/939 950/950/950 949/949/949
f 941/941/941 950/950/950 939/939/939
f 950/950/950 951/951/951 952/952/952
f 952/952/952 947/947/947 950/950/950
f 952/952/952 953/953/953 947/947/947
f 947/947/947 953/953/953 946/946/946
f 946/946/946 953/953/953 954/954/954
f 946/946/946 954/954/954 955/955/955
f 956/956/956 946/946/946 955/955/955
f 956/956/956 957/957/957 945/945/945
f 958/958/958 957/957/957 956/956/956
f 959/959/959 960/960/960 961/961/961
f 959/959/959 962/962/962 960/960/960
f 962/962/962 959/959/959 963/963/963
f 962/962/962 963/963/963 964/964/964
f 965/965/965 963/963/963 959/959/959
f 966/966/966 965/965/965 959/959/959
f 961/961/961 966/966/966 959/959/959
f 961/961/961 967/967/967 966/966/966
f 967/967/967 961/961/961 968/968/968
f 967/967/967 968/968/968 969/969/969
f 970/970/970 967/967/967 969/969/969
f 968/968/968 971/971/971 969/969/969
f 968/968/968 972/972/972 971/971/971
f 972/972/972 968/968/968 961/961/961
f 960/960/960 972/972/972 961/961/961
f 973/973/973 974/974/974 975/975/975
f 973/973/973 975/975/975 976/976/976
f 977/977/977 976/976/976 975/975/975
f 974/974/974 977/977/977 975/975/975
f 978/978/978 977/977/977 974/974/974
f 978/978/978 974/974/974 979/979/979
f 974/974/974 980/980/980 979/979/979
f 949/949/949 980/980/980 974/974/974
f 949/949/949 974/974/974 973/973/973
f 949/949/949 981/981/981 980/980/980
f 980/980/980 981/981/981 979/979/979
f 981/981/981 982/982/982 979/979/979
f 951/951/951 983/983/983 952/952/952
f 984/984/984 985/985/985 986/986/986
f 987/987/987 988/988/988 989/989/989
f 987/987/987 990/990/990 988/988/988
f 987/987/987 991/991/991 990/990/990
f 987/987/987 992/992/992 991/991/991
f 987/987/987 993/993/993 992/992/992
f 987/987/987 994/994/994 993/993/993
f 994/994/994 995/995/995 993/993/993
f 993/993/993 995/995/995 992/992/992
f 995/995/995 996/996/996 992/992/992
f 997/997/997 996/996/996 995/995/995
f 995/995/995 998/998/998 997/997/997
f 995/995/995 999/999/999 998/998/998
f 1000/1000/1000 991/991/991 992/992/992
f 1001/1001/1001 1000/1000/1000 992/992/992
f 1002/1002/1002 1001/1001/1001 992/992/992
f 1002/1002/1002 992/992/992 996/996/996
f 1002/1002/1002 996/996/996 997/997/997
f 991/991/991 1000/1000/1000 990/990/990
f 1003/1003/1003 1004/1004/1004 1005/1005/1005
f 1004/1004/1004 1003/1003/1003 1006/1006/1006
f 1004/1004/1004 1006/1006/1006 1007/1007/1007
f 1008/1008/1008 1004/1004/1004 1007/1007/1007
f 1008/1008/1008 1007/1007/1007 1009/1009/1009
f 1010/1010/1010 1008/1008/1008 1009/1009/1009
f 1010/1010/1010 1009/1009/1009 1011/1011/1011
f 1008/1008/1008 1010/1010/1010 1012/1012/1012
f 1013/1013/1013 1008/1008/1008 1012/1012/1012
f 1008/1008/1008 1013/1013/1013 1014/1014/1014
f 1004/1004/1004 1008/1008/1008 1014/1014/1014
f 1004/1004/1004 1014/1014/1014 1005/1005/1005
f 1015/1015/1015 1003/1003/1003 1005/1005/1005
f 1015/1015/1015 1016/1016/1016 1003/1003/1003
f 1017/1017/1017 1016/1016/1016 1015/1015/1015
f 1017/1017/1017 1018/1018/1018 1016/1016/1016
f 1018/1018/1018 1017/1017/1017 1019/1019/1019
f 1020/1020/1020 1018/1018/1018 1019/1019/1019
f 1021/1021/1021 1018/1018/1018 1020/1020/1020
f 1021/1021/1021 1016/1016/1016 1018/1018/1018
f 1003/1003/1003 1016/1016/1016 1021/1021/1021
f 1003/1003/1003 1021/1021/1021 1006/1006/1006
f 1022/1022/1022 1023/1023/1023 1024/1024/1024
f 1024/1024/1024 1025/1025/1025 1022/1022/1022
f 1024/1024/1024 1026/1026/1026 1025/1025/1025
f 1027/1027/1027 1026/1026/1026 1024/1024/1024
f 1027/1027/1027 1028/1028/1028 1026/1026/1026
f 1029/1029/1029 1028/1028/1028 1027/1027/1027
f 1029/1029/1029 1030/1030/1030 1028/1028/1028
f 1027/1027/1027 1031/1031/1031 1029/1029/1029
f 1032/1032/1032 1031/1031/1031 1027/1027/1027
f 1027/1027/1027 1033/1033/1033 1032/1032/1032
f 1024/1024/1024 1033/1033/1033 1027/1027/1027
f 1024/1024/1024 1023/1023/1023 1033/1033/1033
f 1034/1034/1034 1023/1023/1023 1022/1022/1022
f 1034/1034/1034 1022/1022/1022 1035/1035/1035
f 1036/1036/1036 1034/1034/1034 1035/1035/1035
f 1036/1036/1036 1035/1035/1035 1037/1037/1037
f 1037/1037/1037 1038/1038/1038 1036/1036/1036
f 1039/1039/1039 1038/1038/1038 1037/1037/1037
f 1040/1040/1040 1039/1039/1039 1037/1037/1037
f 1040/1040/1040 1037/1037/1037 1035/1035/1035
f 1022/1022/1022 1040/1040/1040 1035/1035/1035
f 1022/1022/1022 1025/1025/1025 1040/1040/1040
f 1041/1041/1041 1013/1013/1013 1012/1012/1012
f 1042/1042/1042 1031/1031/1031 1032/1032/1032
f 1043/1043/1043 1044/1044/1044 1045/1045/1045
f 1043/1043/1043 1045/1045/1045 1046/1046/1046
f 1043/1043/1043 1046/1046/1046 1047/1047/1047
f 1043/1043/1043 1047/1047/1047 1048/1048/1048
f 1048/1048/1048 1047/1047/1047 1049/1049/1049
f 1048/1048/1048 1049/1049/1049 1050/1050/1050
f 1050/1050/1050 1049/1049/1049 1051/1051/1051
f 1052/1052/1052 1050/1050/1050 1051/1051/1051
f 1052/1052/1052 1051/1051/1051 1053/1053/1053
f 1052/1052/1052 1053/1053/1053 1054/1054/1054
f 1053/1053/1053 1051/1051/1051 1055/1055/1055
f 1051/1051/1051 1056/1056/1056 1055/1055/1055
f 1056/1056/1056 1051/1051/1051 1049/1049/1049
f 1056/1056/1056 1049/1049/1049 1057/1057/1057
f 1056/1056/1056 1057/1057/1057 1058/1058/1058
f 1056/1056/1056 1058/1058/1058 1059/1059/1059
f 1060/1060/1060 1056/1056/1056 1059/1059/1059
f 1061/1061/1061 1060/1060/1060 1059/1059/1059
f 1061/1061/1061 1059/1059/1059 1062/1062/1062
f 1062/1062/1062 1059/1059/1059 1063/1063/1063
f 1062/1062/1062 1063/1063/1063 1064/1064/1064
f 1065/1065/1065 1064/1064/1064 1063/1063/1063
f 1063/1063/1063 1066/1066/1066 1065/1065/1065
f 1066/1066/1066 1063/1063/1063 1067/1067/1067
f 1068/1068/1068 1066/1066/1066 1067/1067/1067
f 1068/1068/1068 1069/1069/1069 1066/1066/1066
f 1069/1069/1069 1065/1065/1065 1066/1066/1066
f 1070/1070/1070 1071/1071/1071 1072/1072/1072
f 1073/1073/1073 1071/1071/1071 1070/1070/1070
f 1074/1074/1074 1071/1071/1071 1073/1073/1073
f 1075/1075/1075 1071/1071/1071 1074/1074/1074
f 1075/1075/1075 1076/1076/1076 1071/1071/1071
f 1076/1076/1076 1075/1075/1075 1077/1077/1077
f 1078/1078/1078 1076/1076/1076 1077/1077/1077
f 1078/1078/1078 1077/1077/1077 1079/1079/1079
f 1080/1080/1080 1079/1079/1079 1077/1077/1077
f 1081/1081/1081 1079/1079/1079 1080/1080/1080
f 1081/1081/1081 1080/1080/1080 1082/1082/1082
f 1082/1082/1082 1080/1080/1080 1083/1083/1083
f 1082/1082/1082 1083/1083/1083 1084/1084/1084
f 1084/1084/1084 1083/1083/1083 1085/1085/1085
f 1085/1085/1085 1086/1086/1086 1084/1084/1084
f 1084/1084/1084 1086/1086/1086 1087/1087/1087
f 1072/1072/1072 1071/1071/1071 1088/1088/1088
f 1072/1072/1072 1089/1089/1089 1067/1067/1067
f 1067/1067/1067 1070/1070/1070 1072/1072/1072
f 1070/1070/1070 1067/1067/1067 1090/1090/1090
f 1091/1091/1091 1070/1070/1070 1090/1090/1090
f 1073/1073/1073 1070/1070/1070 1091/1091/1091
f 1092/1092/1092 1073/1073/1073 1091/1091/1091
f 1093/1093/1093 1092/1092/1092 1091/1091/1091
f 1094/1094/1094 1093/1093/1093 1091/1091/1091
f 1083/1083/1083 1093/1093/1093 1094/1094/1094
f 1085/1085/1085 1083/1083/1083 1094/1094/1094
f 1083/1083/1083 1095/1095/1095 1096/1096/1096
f 1083/1083/1083 1080/1080/1080 1095/1095/1095
f 1077/1077/1077 1095/1095/1095 1080/1080/1080
f 1096/1096/1096 1095/1095/1095 1077/1077/1077
f 1075/1075/1075 1096/1096/1096 1077/1077/1077
f 1075/1075/1075 1074/1074/1074 1096/1096/1096
f 1074/1074/1074 1097/1097/1097 1096/1096/1096
f 1097/1097/1097 1074/1074/1074 1092/1092/1092
f 1093/1093/1093 1097/1097/1097 1092/1092/1092
f 1093/1093/1093 1096/1096/1096 1097/1097/1097
f 1093/1093/1093 1083/1083/1083 1096/1096/1096
f 1098/1098/1098 1099/1099/1099 1100/1100/1100
f 1098/1098/1098 1100/1100/1100 1101/1101/1101
f 1101/1101/1101 1102/1102/1102 1098/1098/1098
f 1101/1101/1101 1103/1103/1103 1102/1102/1102
f 1104/1104/1104 1098/1098/1098 1102/1102/1102
f 1105/1105/1105 1098/1098/1098 1104/1104/1104
f 1099/1099/1099 1098/1098/1098 1105/1105/1105
f 1099/1099/1099 1105/1105/1105 1106/1106/1106
f 1106/1106/1106 1107/1107/1107 1099/1099/1099
f 1106/1106/1106 1108/1108/1108 1107/1107/1107
f 1109/1109/1109 1108/1108/1108 1106/1106/1106
f 1107/1107/1107 1108/1108/1108 1110/1110/1110
f 1107/1107/1107 1110/1110/1110 1111/1111/1111
f 1111/1111/1111 1099/1099/1099 1107/1107/1107
f 1100/1100/1100 1099/1099/1099 1111/1111/1111
f 1112/1112/1112 1113/1113/1113 1092/1092/1092
f 1114/1114/1114 1115/1115/1115 1116/1116/1116
f 1114/1114/1114 1117/1117/1117 1115/1115/1115
f 1114/1114/1114 1118/1118/1118 1117/1117/1117
f 1118/1118/1118 1114/1114/1114 1119/1119/1119
f 1118/1118/1118 1119/1119/1119 1120/1120/1120
f 1121/1121/1121 1118/1118/1118 1120/1120/1120
f 1122/1122/1122 1121/1121/1121 1120/1120/1120
f 1121/1121/1121 1122/1122/1122 1123/1123/1123
f 1123/1123/1123 1122/1122/1122 1124/1124/1124
f 1125/1125/1125 1123/1123/1123 1124/1124/1124
f 1125/1125/1125 1126/1126/1126 1123/1123/1123
f 1115/1115/1115 1110/1110/1110 1116/1116/1116
f 1116/1116/1116 1110/1110/1110 1108/1108/1108
f 1127/1127/1127 1114/1114/1114 1116/1116/1116
f 1127/1127/1127 1128/1128/1128 1114/1114/1114
f 1119/1119/1119 1114/1114/1114 1128/1128/1128
f 1129/1129/1129 1119/1119/1119 1128/1128/1128
f 1130/1130/1130 1119/1119/1119 1129/1129/1129
f 1120/1120/1120 1119/1119/1119 1130/1130/1130
f 1129/1129/1129 1131/1131/1131 1130/1130/1130
f 1132/1132/1132 1131/1131/1131 1129/1129/1129
f 1132/1132/1132 1133/1133/1133 1131/1131/1131
f 1134/1134/1134 1135/1135/1135 1136/1136/1136
f 1134/1134/1134 1136/1136/1136 1137/1137/1137
f 1134/1134/1134 1137/1137/1137 1138/1138/1138
f 1138/1138/1138 1139/1139/1139 1134/1134/1134
f 1138/1138/1138 1140/1140/1140 1139/1139/1139
f 1141/1141/1141 1140/1140/1140 1138/1138/1138
f 1142/1142/1142 1140/1140/1140 1141/1141/1141
f 1141/1141/1141 1143/1143/1143 1142/1142/1142
f 1143/1143/1143 1144/1144/1144 1142/1142/1142
f 1145/1145/1145 1144/1144/1144 1143/1143/1143
f 1145/1145/1145 1143/1143/1143 1146/1146/1146
f 1136/1136/1136 1135/1135/1135 1147/1147/1147
f 1135/1135/1135 1148/1148/1148 1147/1147/1147
f 1149/1149/1149 1135/1135/1135 1134/1134/1134
f 1149/1149/1149 1134/1134/1134 1150/1150/1150
f 1139/1139/1139 1150/1150/1150 1134/1134/1134
f 1151/1151/1151 1150/1150/1150 1139/1139/1139
f 1152/1152/1152 1151/1151/1151 1139/1139/1139
f 1140/1140/1140 1152/1152/1152 1139/1139/1139
f 1151/1151/1151 1152/1152/1152 1153/1153/1153
f 1154/1154/1154 1151/1151/1151 1153/1153/1153
f 1154/1154/1154 1153/1153/1153 1155/1155/1155
f 1156/1156/1156 1157/1157/1157 1158/1158/1158
f 1141/1141/1141 1138/1138/1138 1137/1137/1137
f 1159/1159/1159 1160/1160/1160 1161/1161/1161
f 1162/1162/1162 1160/1160/1160 1159/1159/1159
f 1160/1160/1160 1162/1162/1162 1163/1163/1163
f 1160/1160/1160 1163/1163/1163 1164/1164/1164
f 1163/1163/1163 1165/1165/1165 1164/1164/1164
f 1165/1165/1165 1166/1166/1166 1164/1164/1164
f 1165/1165/1165 1167/1167/1167 1166/1166/1166
f 1168/1168/1168 1167/1167/1167 1165/1165/1165
f 1168/1168/1168 1169/1169/1169 1170/1170/1170
f 1171/1171/1171 1168/1168/1168 1170/1170/1170
f 1172/1172/1172 1173/1173/1173 1174/1174/1174
f 1175/1175/1175 1176/1176/1176 1177/1177/1177
f 1175/1175/1175 1177/1177/1177 1178/1178/1178
f 1175/1175/1175 1178/1178/1178 1179/1179/1179
f 1175/1175/1175 1179/1179/1179 1180/1180/1180
f 1175/1175/1175 1180/1180/1180 1181/1181/1181
f 1175/1175/1175 1181/1181/1181 1182/1182/1182
f 1182/1182/1182 1181/1181/1181 1183/1183/1183
f 1181/1181/1181 1180/1180/1180 1183/1183/1183
f 1183/1183/1183 1180/1180/1180 1184/1184/1184
f 1185/1185/1185 1183/1183/1183 1184/1184/1184
f 1183/1183/1183 1185/1185/1185 1186/1186/1186
f 1183/1183/1183 1186/1186/1186 1187/1187/1187
f 1188/1188/1188 1180/1180/1180 1179/1179/1179
f 1189/1189/1189 1180/1180/1180 1188/1188/1188
f 1190/1190/1190 1180/1180/1180 1189/1189/1189
f 1190/1190/1190 1184/1184/1184 1180/1180/1180
f 1190/1190/1190 1185/1185/1185 1184/1184/1184
f 1179/1179/1179 1178/1178/1178 1188/1188/1188
f 1191/1191/1191 1192/1192/1192 1193/1193/1193
f 1191/1191/1191 1193/1193/1193 1194/1194/1194
f 1195/1195/1195 1191/1191/1191 1194/1194/1194
f 1196/1196/1196 1191/1191/1191 1195/1195/1195
f 1196/1196/1196 1195/1195/1195 1197/1197/1197
f 1198/1198/1198 1196/1196/1196 1197/1197/1197
f 1198/1198/1198 1197/1197/1197 1199/1199/1199
f 1199/1199/1199 1200/1200/1200 1198/1198/1198
f 1198/1198/1198 1200/1200/1200 1201/1201/1201
f 1201/1201/1201 1202/1202/1202 1198/1198/1198
f 1202/1202/1202 1203/1203/1203 1198/1198/1198
f 1203/1203/1203 1204/1204/1204 1198/1198/1198
f 1205/1205/1205 1204/1204/1204 1203/1203/1203
f 1206/1206/1206 1204/1204/1204 1205/1205/1205
f 1196/1196/1196 1204/1204/1204 1206/1206/1206
f 1206/1206/1206 1191/1191/1191 1196/1196/1196
f 1206/1206/1206 1192/1192/1192 1191/1191/1191
f 1207/1207/1207 1192/1192/1192 1206/1206/1206
f 1207/1207/1207 1206/1206/1206 1205/1205/1205
f 1208/1208/1208 1193/1193/1193 1192/1192/1192
f 1208/1208/1208 1192/1192/1192 1209/1209/1209
f 1210/1210/1210 1209/1209/1209 1192/1192/1192
f 1195/1195/1195 1211/1211/1211 1197/1197/1197
f 1211/1211/1211 1195/1195/1195 1212/1212/1212
f 1211/1211/1211 1212/1212/1212 1213/1213/1213
f 1213/1213/1213 1197/1197/1197 1211/1211/1211
f 1199/1199/1199 1197/1197/1197 1213/1213/1213
f 1213/1213/1213 1212/1212/1212 1214/1214/1214
f 1212/1212/1212 1215/1215/1215 1214/1214/1214
f 1215/1215/1215 1212/1212/1212 1195/1195/1195
f 1216/1216/1216 1215/1215/1215 1195/1195/1195
f 1216/1216/1216 1195/1195/1195 1217/1217/1217
f 1218/1218/1218 1216/1216/1216 1217/1217/1217
f 1219/1219/1219 1216/1216/1216 1218/1218/1218
f 1219/1219/1219 1215/1215/1215 1216/1216/1216
f 1220/1220/1220 1215/1215/1215 1219/1219/1219
f 1220/1220/1220 1221/1221/1221 1215/1215/1215
f 1221/1221/1221 1222/1222/1222 1215/1215/1215
f 1221/1221/1221 1223/1223/1223 1222/1222/1222
f 1214/1214/1214 1215/1215/1215 1222/1222/1222
f 1193/1193/1193 1208/1208/1208 1224/1224/1224
f 1224/1224/1224 1225/1225/1225 1226/1226/1226
f 1225/1225/1225 1227/1227/1227 1226/1226/1226
f 1228/1228/1228 1227/1227/1227 1225/1225/1225
f 1228/1228/1228 1229/1229/1229 1227/1227/1227
f 1227/1227/1227 1229/1229/1229 1230/1230/1230
f 1217/1217/1217 1227/1227/1227 1230/1230/1230
f 1227/1227/1227 1217/1217/1217 1226/1226/1226
f 1226/1226/1226 1217/1217/1217 1231/1231/1231
f 1226/1226/1226 1231/1231/1231 1232/1232/1232
f 1232/1232/1232 1231/1231/1231 1233/1233/1233
f 1231/1231/1231 1217/1217/1217 1233/1233/1233
f 1218/1218/1218 1217/1217/1217 1234/1234/1234
f 1217/1217/1217 1230/1230/1230 1234/1234/1234
f 1235/1235/1235 1204/1204/1204 1236/1236/1236
f 1237/1237/1237 1238/1238/1238 1239/1239/1239
f 1239/1239/1239 1238/1238/1238 1240/1240/1240
f 1239/1239/1239 1240/1240/1240 1241/1241/1241
f 1239/1239/1239 1241/1241/1241 1242/1242/1242
f 1239/1239/1239 1242/1242/1242 1243/1243/1243
f 1242/1242/1242 1244/1244/1244 1243/1243/1243
f 1245/1245/1245 1244/1244/1244 1242/1242/1242
f 1245/1245/1245 1246/1246/1246 1244/1244/1244
f 1247/1247/1247 1246/1246/1246 1245/1245/1245
f 1246/1246/1246 1247/1247/1247 1248/1248/1248
f 1246/1246/1246 1248/1248/1248 1243/1243/1243
f 1243/1243/1243 1244/1244/1244 1246/1246/1246
f 1249/1249/1249 1250/1250/1250 1251/1251/1251
f 1251/1251/1251 1252/1252/1252 1249/1249/1249
f 1248/1248/1248 1252/1252/1252 1251/1251/1251
f 1248/1248/1248 1253/1253/1253 1252/1252/1252
f 1248/1248/1248 1247/1247/1247 1253/1253/1253
f 1253/1253/1253 1247/1247/1247 1245/1245/1245
f 1252/1252/1252 1253/1253/1253 1245/1245/1245
f 1249/1249/1249 1252/1252/1252 1245/1245/1245
f 1249/1249/1249 1245/1245/1245 1254/1254/1254
f 1254/1254/1254 1245/1245/1245 1255/1255/1255
f 1255/1255/1255 1245/1245/1245 1256/1256/1256
f 1256/1256/1256 1245/1245/1245 1257/1257/1257
f 1245/1245/1245 1238/1238/1238 1257/1257/1257
f 1245/1245/1245 1240/1240/1240 1238/1238/1238
f 1245/1245/1245 1241/1241/1241 1240/1240/1240
f 1245/1245/1245 1242/1242/1242 1241/1241/1241
f 1258/1258/1258 1259/1259/1259 1260/1260/1260
f 1258/1258/1258 1261/1261/1261 1259/1259/1259
f 1262/1262/1262 1261/1261/1261 1258/1258/1258
f 1263/1263/1263 1262/1262/1262 1258/1258/1258
f 1263/1263/1263 1264/1264/1264 1262/1262/1262
f 1265/1265/1265 1264/1264/1264 1263/1263/1263
f 1265/1265/1265 1266/1266/1266 1264/1264/1264
f 1266/1266/1266 1265/1265/1265 1267/1267/1267
f 1265/1265/1265 1268/1268/1268 1267/1267/1267
f 1268/1268/1268 1265/1265/1265 1269/1269/1269
f 1269/1269/1269 1265/1265/1265 1270/1270/1270
f 1270/1270/1270 1265/1265/1265 1271/1271/1271
f 1272/1272/1272 1270/1270/1270 1271/1271/1271
f 1273/1273/1273 1272/1272/1272 1271/1271/1271
f 1263/1263/1263 1273/1273/1273 1271/1271/1271
f 1273/1273/1273 1263/1263/1263 1258/1258/1258
f 1273/1273/1273 1258/1258/1258 1260/1260/1260
f 1274/1274/1274 1273/1273/1273 1260/1260/1260
f 1274/1274/1274 1272/1272/1272 1273/1273/1273
f 1275/1275/1275 1260/1260/1260 1259/1259/1259
f 1259/1259/1259 1276/1276/1276 1275/1275/1275
f 1276/1276/1276 1259/1259/1259 1277/1277/1277
f 1277/1277/1277 1259/1259/1259 1278/1278/1278
f 1279/1279/1279 1277/1277/1277 1278/1278/1278
f 1279/1279/1279 1278/1278/1278 1280/1280/1280
f 1278/1278/1278 1281/1281/1281 1280/1280/1280
f 1282/1282/1282 1281/1281/1281 1278/1278/1278
f 1278/1278/1278 1259/1259/1259 1282/1282/1282
f 1259/1259/1259 1283/1283/1283 1282/1282/1282
f 1259/1259/1259 1261/1261/1261 1283/1283/1283
f 1261/1261/1261 1262/1262/1262 1283/1283/1283
f 1283/1283/1283 1262/1262/1262 1282/1282/1282
f 1284/1284/1284 1282/1282/1282 1262/1262/1262
f 1284/1284/1284 1262/1262/1262 1285/1285/1285
f 1286/1286/1286 1284/1284/1284 1285/1285/1285
f 1286/1286/1286 1287/1287/1287 1284/1284/1284
f 1287/1287/1287 1282/1282/1282 1284/1284/1284
f 1287/1287/1287 1288/1288/1288 1282/1282/1282
f 1282/1282/1282 1288/1288/1288 1281/1281/1281
f 1262/1262/1262 1264/1264/1264 1289/1289/1289
f 1289/1289/1289 1290/1290/1290 1262/1262/1262
f 1289/1289/1289 1291/1291/1291 1290/1290/1290
f 1291/1291/1291 1289/1289/1289 1264/1264/1264
f 1266/1266/1266 1291/1291/1291 1264/1264/1264
f 1291/1291/1291 1292/1292/1292 1290/1290/1290
f 1290/1290/1290 1292/1292/1292 1285/1285/1285
f 1285/1285/1285 1262/1262/1262 1290/1290/1290
f 1293/1293/1293 1285/1285/1285 1294/1294/1294
f 1295/1295/1295 1285/1285/1285 1293/1293/1293
f 1295/1295/1295 1286/1286/1286 1285/1285/1285
f 1292/1292/1292 1294/1294/1294 1285/1285/1285
f 1293/1293/1293 1294/1294/1294 1296/1296/1296
f 1297/1297/1297 1298/1298/1298 1299/1299/1299
f 1275/1275/1275 1299/1299/1299 1298/1298/1298
f 1300/1300/1300 1301/1301/1301 1271/1271/1271
f 1302/1302/1302 1303/1303/1303 1304/1304/1304
f 1303/1303/1303 1305/1305/1305 1304/1304/1304
f 1303/1303/1303 1306/1306/1306 1305/1305/1305
f 1303/1303/1303 1307/1307/1307 1306/1306/1306
f 1303/1303/1303 1308/1308/1308 1307/1307/1307
f 1307/1307/1307 1308/1308/1308 1309/1309/1309
f 1310/1310/1310 1307/1307/1307 1309/1309/1309
f 1310/1310/1310 1309/1309/1309 1311/1311/1311
f 1312/1312/1312 1310/1310/1310 1311/1311/1311
f 1311/1311/1311 1313/1313/1313 1312/1312/1312
f 1311/1311/1311 1308/1308/1308 1313/1313/1313
f 1308/1308/1308 1311/1311/1311 1309/1309/1309
f 1314/1314/1314 1315/1315/1315 1316/1316/1316
f 1315/1315/1315 1314/1314/1314 1317/1317/1317
f 1313/1313/1313 1315/1315/1315 1317/1317/1317
f 1313/1313/1313 1317/1317/1317 1318/1318/1318
f 1313/1313/1313 1318/1318/1318 1312/1312/1312
f 1318/1318/1318 1310/1310/1310 1312/1312/1312
f 1317/1317/1317 1310/1310/1310 1318/1318/1318
f 1314/1314/1314 1310/1310/1310 1317/1317/1317
f 1314/1314/1314 1319/1319/1319 1310/1310/1310
f 1319/1319/1319 1320/1320/1320 1310/1310/1310
f 1320/1320/1320 1321/1321/1321 1310/1310/1310
f 1321/1321/1321 1322/1322/1322 1310/1310/1310
f 1310/1310/1310 1322/1322/1322 1304/1304/1304
f 1310/1310/1310 1304/1304/1304 1305/1305/1305
f 1310/1310/1310 1305/1305/1305 1306/1306/1306
f 1310/1310/1310 1306/1306/1306 1307/1307/1307
f 1323/1323/1323 1324/1324/1324 1325/1325/1325
f 1324/1324/1324 1323/1323/1323 1326/1326/1326
f 1323/1323/1323 1327/1327/1327 1326/1326/1326
f 1328/1328/1328 1327/1327/1327 1323/1323/1323
f 1329/1329/1329 1328/1328/1328 1323/1323/1323
f 1329/1329/1329 1330/1330/1330 1328/1328/1328
f 1329/1329/1329 1331/1331/1331 1330/1330/1330
f 1331/1331/1331 1332/1332/1332 1330/1330/1330
f 1333/1333/1333 1332/1332/1332 1331/1331/1331
f 1334/1334/1334 1332/1332/1332 1333/1333/1333
f 1334/1334/1334 1333/1333/1333 1335/1335/1335
f 1333/1333/1333 1336/1336/1336 1335/1335/1335
f 1333/1333/1333 1337/1337/1337 1336/1336/1336
f 1333/1333/1333 1338/1338/1338 1337/1337/1337
f 1338/1338/1338 1333/1333/1333 1331/1331/1331
f 1324/1324/1324 1339/1339/1339 1325/1325/1325
f 1336/1336/1336 1340/1340/1340 1335/1335/1335
f 1341/1341/1341 1342/1342/1342 1343/1343/1343
f 1343/1343/1343 1344/1344/1344 1341/1341/1341
f 1341/1341/1341 1344/1344/1344 1345/1345/1345
f 1346/1346/1346 1341/1341/1341 1345/1345/1345
f 1347/1347/1347 1341/1341/1341 1346/1346/1346
f 1347/1347/1347 1346/1346/1346 1348/1348/1348
f 1347/1347/1347 1348/1348/1348 1349/1349/1349
f 1349/1349/1349 1348/1348/1348 1350/1350/1350
f 1351/1351/1351 1349/1349/1349 1350/1350/1350
f 1352/1352/1352 1351/1351/1351 1350/1350/1350
f 1352/1352/1352 1353/1353/1353 1351/1351/1351
f 1351/1351/1351 1353/1353/1353 1354/1354/1354
f 1351/1351/1351 1354/1354/1354 1355/1355/1355
f 1351/1351/1351 1355/1355/1355 1356/1356/1356
f 1356/1356/1356 1349/1349/1349 1351/1351/1351
f 1343/1343/1343 1342/1342/1342 1357/1357/1357
f 1354/1354/1354 1353/1353/1353 1358/1358/1358
f 1359/1359/1359 1332/1332/1332 1334/1334/1334
f 1332/1332/1332 1359/1359/1359 1360/1360/1360
f 1332/1332/1332 1360/1360/1360 1330/1330/1330
f 1361/1361/1361 1330/1330/1330 1360/1360/1360
f 1361/1361/1361 1362/1362/1362 1363/1363/1363
f 1362/1362/1362 1361/1361/1361 1364/1364/1364
f 1362/1362/1362 1364/1364/1364 1365/1365/1365
f 1365/1365/1365 1364/1364/1364 1366/1366/1366
f 1365/1365/1365 1366/1366/1366 1367/1367/1367
f 1368/1368/1368 1365/1365/1365 1367/1367/1367
f 1367/1367/1367 1366/1366/1366 1369/1369/1369
f 1367/1367/1367 1369/1369/1369 1370/1370/1370
f 1370/1370/1370 1369/1369/1369 1371/1371/1371
f 1371/1371/1371 1369/1369/1369 1372/1372/1372
f 1373/1373/1373 1371/1371/1371 1372/1372/1372
f 1372/1372/1372 1374/1374/1374 1373/1373/1373
f 1375/1375/1375 1374/1374/1374 1372/1372/1372
f 1369/1369/1369 1375/1375/1375 1372/1372/1372
f 1366/1366/1366 1375/1375/1375 1369/1369/1369
f 1376/1376/1376 1375/1375/1375 1366/1366/1366
f 1366/1366/1366 1364/1364/1364 1376/1376/1376
f 1361/1361/1361 1377/1377/1377 1364/1364/1364
f 1378/1378/1378 1377/1377/1377 1361/1361/1361
f 1378/1378/1378 1361/1361/1361 1379/1379/1379
f 1379/1379/1379 1380/1380/1380 1378/1378/1378
f 1379/1379/1379 1381/1381/1381 1380/1380/1380
f 1360/1360/1360 1381/1381/1381 1379/1379/1379
f 1359/1359/1359 1381/1381/1381 1360/1360/1360
f 1381/1381/1381 1382/1382/1382 1380/1380/1380
f 1383/1383/1383 1380/1380/1380 1382/1382/1382
f 1382/1382/1382 1384/1384/1384 1383/1383/1383
f 1383/1383/1383 1384/1384/1384 1385/1385/1385
f 1386/1386/1386 1383/1383/1383 1385/1385/1385
f 1380/1380/1380 1383/1383/1383 1386/1386/1386
f 1380/1380/1380 1386/1386/1386 1378/1378/1378
f 1387/1387/1387 1386/1386/1386 1385/1385/1385
f 1387/1387/1387 1385/1385/1385 1388/1388/1388
f 1389/1389/1389 1387/1387/1387 1388/1388/1388
f 1390/1390/1390 1389/1389/1389 1388/1388/1388
f 1388/1388/1388 1391/1391/1391 1390/1390/1390
f 1388/1388/1388 1392/1392/1392 1391/1391/1391
f 1393/1393/1393 1392/1392/1392 1388/1388/1388
f 1385/1385/1385 1393/1393/1393 1388/1388/1388
f 1384/1384/1384 1393/1393/1393 1385/1385/1385
f 1394/1394/1394 1395/1395/1395 1389/1389/1389
f 1377/1377/1377 1395/1395/1395 1394/1394/1394
f 1395/1395/1395 1377/1377/1377 1378/1378/1378
f 1377/1377/1377 1394/1394/1394 1396/1396/1396
f 1397/1397/1397 1377/1377/1377 1396/1396/1396
f 1379/1379/1379 1398/1398/1398 1399/1399/1399
f 1400/1400/1400 1401/1401/1401 1402/1402/1402
f 1402/1402/1402 1403/1403/1403 1400/1400/1400
f 1402/1402/1402 1404/1404/1404 1403/1403/1403
f 1405/1405/1405 1403/1403/1403 1404/1404/1404
f 1405/1405/1405 1404/1404/1404 1406/1406/1406
f 1406/1406/1406 1407/1407/1407 1405/1405/1405
f 1406/1406/1406 1408/1408/1408 1407/1407/1407
f 1408/1408/1408 1409/1409/1409 1407/1407/1407
f 1408/1408/1408 1410/1410/1410 1409/1409/1409
f 1411/1411/1411 1410/1410/1410 1408/1408/1408
f 1410/1410/1410 1412/1412/1412 1409/1409/1409
f 1410/1410/1410 1413/1413/1413 1412/1412/1412
f 1413/1413/1413 1414/1414/1414 1412/1412/1412
f 1414/1414/1414 1415/1415/1415 1412/1412/1412
f 1416/1416/1416 1415/1415/1415 1414/1414/1414
f 1415/1415/1415 1416/1416/1416 1417/1417/1417
f 1418/1418/1418 1415/1415/1415 1417/1417/1417
f 1412/1412/1412 1415/1415/1415 1418/1418/1418
f 1409/1409/1409 1412/1412/1412 1418/1418/1418
f 1419/1419/1419 1409/1409/1409 1418/1418/1418
f 1409/1409/1409 1419/1419/1419 1407/1407/1407
f 1418/1418/1418 1420/1420/1420 1419/1419/1419
f 1420/1420/1420 1418/1418/1418 1417/1417/1417
f 1420/1420/1420 1421/1421/1421 1419/1419/1419
f 1422/1422/1422 1423/1423/1423 1424/1424/1424
f 1422/1422/1422 1424/1424/1424 1425/1425/1425
f 1426/1426/1426 1422/1422/1422 1425/1425/1425
f 1427/1427/1427 1422/1422/1422 1426/1426/1426
f 1428/1428/1428 1422/1422/1422 1427/1427/1427
f 1429/1429/1429 1422/1422/1422 1428/1428/1428
f 1423/1423/1423 1422/1422/1422 1429/1429/1429
f 1430/1430/1430 1429/1429/1429 1431/1431/1431
f 1432/1432/1432 1430/1430/1430 1431/1431/1431
f 1431/1431/1431 1433/1433/1433 1432/1432/1432
f 1433/1433/1433 1405/1405/1405 1432/1432/1432
f 1433/1433/1433 1434/1434/1434 1405/1405/1405
f 1434/1434/1434 1433/1433/1433 1435/1435/1435
f 1434/1434/1434 1435/1435/1435 1436/1436/1436
f 1434/1434/1434 1436/1436/1436 1437/1437/1437
f 1434/1434/1434 1437/1437/1437 1438/1438/1438
f 1436/1436/1436 1439/1439/1439 1437/1437/1437
f 1436/1436/1436 1435/1435/1435 1440/1440/1440
f 1441/1441/1441 1440/1440/1440 1435/1435/1435
f 1440/1440/1440 1441/1441/1441 1442/1442/1442
f 1441/1441/1441 1427/1427/1427 1442/1442/1442
f 1443/1443/1443 1427/1427/1427 1441/1441/1441
f 1435/1435/1435 1443/1443/1443 1441/1441/1441
f 1435/1435/1435 1433/1433/1433 1443/1443/1443
f 1428/1428/1428 1427/1427/1427 1443/1443/1443
f 1442/1442/1442 1427/1427/1427 1426/1426/1426
f 1438/1438/1438 1444/1444/1444 1432/1432/1432
f 1444/1444/1444 1445/1445/1445 1432/1432/1432
f 1432/1432/1432 1445/1445/1445 1430/1430/1430
f 1446/1446/1446 1447/1447/1447 1448/1448/1448
f 1446/1446/1446 1448/1448/1448 1449/1449/1449
f 1446/1446/1446 1449/1449/1449 1450/1450/1450
f 1446/1446/1446 1450/1450/1450 1451/1451/1451
f 1452/1452/1452 1453/1453/1453 1454/1454/1454
f 1455/1455/1455 1452/1452/1452 1456/1456/1456
f 1456/1456/1456 1457/1457/1457 1455/1455/1455
f 1455/1455/1455 1457/1457/1457 1458/1458/1458
f 1459/1459/1459 1460/1460/1460 1461/1461/1461
f 1459/1459/1459 1462/1462/1462 1460/1460/1460
f 1459/1459/1459 1463/1463/1463 1462/1462/1462
f 1459/1459/1459 1464/1464/1464 1463/1463/1463
f 1465/1465/1465 1466/1466/1466 1467/1467/1467
f 1468/1468/1468 1469/1469/1469 1470/1470/1470
f 1471/1471/1471 1468/1468/1468 1470/1470/1470
f 1472/1472/1472 1471/1471/1471 1470/1470/1470
f 1472/1472/1472 1470/1470/1470 1473/1473/1473
f 1473/1473/1473 1474/1474/1474 1472/1472/1472
f 1472/1472/1472 1474/1474/1474 1475/1475/1475
f 1472/1472/1472 1475/1475/1475 1476/1476/1476
f 1472/1472/1472 1476/1476/1476 1477/1477/1477
f 1477/1477/1477 1471/1471/1471 1472/1472/1472
f 1477/1477/1477 1478/1478/1478 1471/1471/1471
f 1479/1479/1479 1478/1478/1478 1477/1477/1477
f 1480/1480/1480 1479/1479/1479 1477/1477/1477
f 1480/1480/1480 1481/1481/1481 1479/1479/1479
f 1482/1482/1482 1481/1481/1481 1480/1480/1480
f 1482/1482/1482 1480/1480/1480 1483/1483/1483
f 1484/1484/1484 1482/1482/1482 1483/1483/1483
f 1485/1485/1485 1484/1484/1484 1483/1483/1483
f 1486/1486/1486 1485/1485/1485 1483/1483/1483
f 1476/1476/1476 1486/1486/1486 1483/1483/1483
f 1483/1483/1483 1477/1477/1477 1476/1476/1476
f 1483/1483/1483 1480/1480/1480 1477/1477/1477
f 1481/1481/1481 1487/1487/1487 1479/1479/1479
f 1481/1481/1481 1488/1488/1488 1487/1487/1487
f 1481/1481/1481 1489/1489/1489 1488/1488/1488
f 1482/1482/1482 1489/1489/1489 1481/1481/1481
f 1489/1489/1489 1482/1482/1482 1490/1490/1490
f 1490/1490/1490 1482/1482/1482 1491/1491/1491
f 1491/1491/1491 1482/1482/1482 1484/1484/1484
f 1492/1492/1492 1491/1491/1491 1484/1484/1484
f 1484/1484/1484 1485/1485/1485 1492/1492/1492
f 1485/1485/1485 1493/1493/1493 1492/1492/1492
f 1494/1494/1494 1493/1493/1493 1485/1485/1485
f 1494/1494/1494 1485/1485/1485 1495/1495/1495
f 1494/1494/1494 1495/1495/1495 1496/1496/1496
f 1494/1494/1494 1496/1496/1496 1497/1497/1497
f 1497/1497/1497 1496/1496/1496 1498/1498/1498
f 1498/1498/1498 1496/1496/1496 1499/1499/1499
f 1499/1499/1499 1500/1500/1500 1498/1498/1498
f 1500/1500/1500 1499/1499/1499 1501/1501/1501
f 1500/1500/1500 1501/1501/1501 1502/1502/1502
f 1502/1502/1502 1501/1501/1501 1475/1475/1475
f 1502/1502/1502 1475/1475/1475 1503/1503/1503
f 1503/1503/1503 1475/1475/1475 1474/1474/1474
f 1475/1475/1475 1499/1499/1499 1476/1476/1476
f 1475/1475/1475 1501/1501/1501 1499/1499/1499
f 1486/1486/1486 1476/1476/1476 1499/1499/1499
f 1496/1496/1496 1486/1486/1486 1499/1499/1499
f 1496/1496/1496 1495/1495/1495 1486/1486/1486
f 1486/1486/1486 1495/1495/1495 1485/1485/1485
f 1479/1479/1479 1487/1487/1487 1504/1504/1504
f 1479/1479/1479 1504/1504/1504 1505/1505/1505
f 1479/1479/1479 1505/1505/1505 1478/1478/1478
f 1478/1478/1478 1505/1505/1505 1506/1506/1506
f 1478/1478/1478 1506/1506/1506 1507/1507/1507
f 1478/1478/1478 1507/1507/1507 1508/1508/1508
f 1508/1508/1508 1507/1507/1507 1509/1509/1509
f 1507/1507/1507 1510/1510/1510 1509/1509/1509
f 1506/1506/1506 1510/1510/1510 1507/1507/1507
f 1511/1511/1511 1510/1510/1510 1506/1506/1506
f 1511/1511/1511 1506/1506/1506 1505/1505/1505
f 1505/1505/1505 1504/1504/1504 1511/1511/1511
f 1504/1504/1504 1512/1512/1512 1511/1511/1511
f 1487/1487/1487 1512/1512/1512 1504/1504/1504
f 1487/1487/1487 1513/1513/1513 1512/1512/1512
f 1488/1488/1488 1513/1513/1513 1487/1487/1487
f 1514/1514/1514 1513/1513/1513 1488/1488/1488
f 1488/1488/1488 1515/1515/1515 1514/1514/1514
f 1516/1516/1516 1515/1515/1515 1488/1488/1488
f 1489/1489/1489 1516/1516/1516 1488/1488/1488
f 1517/1517/1517 1515/1515/1515 1516/1516/1516
f 1517/1517/1517 1518/1518/1518 1515/1515/1515
f 1519/1519/1519 1518/1518/1518 1517/1517/1517
f 1520/1520/1520 1518/1518/1518 1519/1519/1519
f 1519/1519/1519 1521/1521/1521 1520/1520/1520
f 1520/1520/1520 1521/1521/1521 1522/1522/1522
f 1520/1520/1520 1522/1522/1522 1523/1523/1523
f 1524/1524/1524 1520/1520/1520 1523/1523/1523
f 1523/1523/1523 1525/1525/1525 1524/1524/1524
f 1526/1526/1526 1525/1525/1525 1523/1523/1523
f 1526/1526/1526 1523/1523/1523 1522/1522/1522
f 1526/1526/1526 1522/1522/1522 1527/1527/1527
f 1526/1526/1526 1527/1527/1527 1528/1528/1528
f 1529/1529/1529 1526/1526/1526 1528/1528/1528
f 1511/1511/1511 1529/1529/1529 1528/1528/1528
f 1511/1511/1511 1528/1528/1528 1530/1530/1530
f 1511/1511/1511 1530/1530/1530 1510/1510/1510
f 1510/1510/1510 1530/1530/1530 1509/1509/1509
f 1530/1530/1530 1528/1528/1528 1509/1509/1509
f 1531/1531/1531 1529/1529/1529 1511/1511/1511
f 1511/1511/1511 1512/1512/1512 1531/1531/1531
f 1513/1513/1513 1531/1531/1531 1512/1512/1512
f 1513/1513/1513 1525/1525/1525 1531/1531/1531
f 1513/1513/1513 1524/1524/1524 1525/1525/1525
f 1514/1514/1514 1524/1524/1524 1513/1513/1513
f 1518/1518/1518 1524/1524/1524 1514/1514/1514
f 1524/1524/1524 1518/1518/1518 1520/1520/1520
f 1515/1515/1515 1518/1518/1518 1514/1514/1514
f 1522/1522/1522 1521/1521/1521 1527/1527/1527
f 1527/1527/1527 1521/1521/1521 1532/1532/1532
f 1531/1531/1531 1525/1525/1525 1526/1526/1526
f 1531/1531/1531 1526/1526/1526 1529/1529/1529
f 1517/1517/1517 1533/1533/1533 1519/1519/1519
f 1534/1534/1534 1535/1535/1535 1536/1536/1536
f 1537/1537/1537 1535/1535/1535 1534/1534/1534
f 1537/1537/1537 1534/1534/1534 1538/1538/1538
f 1539/1539/1539 1537/1537/1537 1538/1538/1538
f 1537/1537/1537 1539/1539/1539 1540/1540/1540
f 1537/1537/1537 1540/1540/1540 1541/1541/1541
f 1537/1537/1537 1541/1541/1541 1542/1542/1542
f 1535/1535/1535 1537/1537/1537 1542/1542/1542
f 1543/1543/1543 1542/1542/1542 1541/1541/1541
f 1544/1544/1544 1543/1543/1543 1541/1541/1541
f 1544/1544/1544 1541/1541/1541 1545/1545/1545
f 1546/1546/1546 1544/1544/1544 1545/1545/1545
f 1546/1546/1546 1545/1545/1545 1547/1547/1547
f 1547/1547/1547 1548/1548/1548 1546/1546/1546
f 1548/1548/1548 1547/1547/1547 1549/1549/1549
f 1550/1550/1550 1548/1548/1548 1549/1549/1549
f 1551/1551/1551 1550/1550/1550 1549/1549/1549
f 1551/1551/1551 1549/1549/1549 1552/1552/1552
f 1551/1551/1551 1552/1552/1552 1553/1553/1553
f 1551/1551/1551 1553/1553/1553 1554/1554/1554
f 1553/1553/1553 1555/1555/1555 1554/1554/1554
f 1556/1556/1556 1555/1555/1555 1553/1553/1553
f 1553/1553/1553 1557/1557/1557 1556/1556/1556
f 1558/1558/1558 1557/1557/1557 1553/1553/1553
f 1540/1540/1540 1557/1557/1557 1558/1558/1558
f 1557/1557/1557 1540/1540/1540 1539/1539/1539
f 1557/1557/1557 1539/1539/1539 1559/1559/1559
f 1560/1560/1560 1557/1557/1557 1559/1559/1559
f 1556/1556/1556 1557/1557/1557 1560/1560/1560
f 1561/1561/1561 1556/1556/1556 1560/1560/1560
f 1555/1555/1555 1556/1556/1556 1561/1561/1561
f 1562/1562/1562 1561/1561/1561 1560/1560/1560
f 1563/1563/1563 1562/1562/1562 1560/1560/1560
f 1560/1560/1560 1564/1564/1564 1563/1563/1563
f 1560/1560/1560 1559/1559/1559 1564/1564/1564
f 1559/1559/1559 1565/1565/1565 1564/1564/1564
f 1559/1559/1559 1539/1539/1539 1565/1565/1565
f 1565/1565/1565 1539/1539/1539 1566/1566/1566
f 1565/1565/1565 1566/1566/1566 1567/1567/1567
f 1565/1565/1565 1567/1567/1567 1568/1568/1568
f 1565/1565/1565 1568/1568/1568 1569/1569/1569
f 1565/1565/1565 1569/1569/1569 1564/1564/1564
f 1564/1564/1564 1569/1569/1569 1570/1570/1570
f 1564/1564/1564 1570/1570/1570 1563/1563/1563
f 1563/1563/1563 1570/1570/1570 1571/1571/1571
f 1571/1571/1571 1570/1570/1570 1572/1572/1572
f 1573/1573/1573 1571/1571/1571 1572/1572/1572
f 1573/1573/1573 1572/1572/1572 1574/1574/1574
f 1575/1575/1575 1573/1573/1573 1574/1574/1574
f 1573/1573/1573 1575/1575/1575 1576/1576/1576
f 1575/1575/1575 1577/1577/1577 1578/1578/1578
f 1577/1577/1577 1575/1575/1575 1574/1574/1574
f 1579/1579/1579 1577/1577/1577 1574/1574/1574
f 1579/1579/1579 1580/1580/1580 1577/1577/1577
f 1580/1580/1580 1579/1579/1579 1581/1581/1581
f 1582/1582/1582 1580/1580/1580 1581/1581/1581
f 1582/1582/1582 1583/1583/1583 1580/1580/1580
f 1582/1582/1582 1584/1584/1584 1583/1583/1583
f 1582/1582/1582 1585/1585/1585 1584/1584/1584
f 1586/1586/1586 1585/1585/1585 1582/1582/1582
f 1587/1587/1587 1585/1585/1585 1586/1586/1586
f 1587/1587/1587 1588/1588/1588 1585/1585/1585
f 1587/1587/1587 1589/1589/1589 1588/1588/1588
f 1587/1587/1587 1590/1590/1590 1589/1589/1589
f 1587/1587/1587 1567/1567/1567 1590/1590/1590
f 1567/1567/1567 1587/1587/1587 1568/1568/1568
f 1568/1568/1568 1587/1587/1587 1591/1591/1591
f 1569/1569/1569 1568/1568/1568 1591/1591/1591
f 1569/1569/1569 1591/1591/1591 1592/1592/1592
f 1570/1570/1570 1569/1569/1569 1592/1592/1592
f 1593/1593/1593 1570/1570/1570 1592/1592/1592
f 1570/1570/1570 1593/1593/1593 1572/1572/1572
f 1572/1572/1572 1593/1593/1593 1574/1574/1574
f 1574/1574/1574 1593/1593/1593 1579/1579/1579
f 1593/1593/1593 1592/1592/1592 1579/1579/1579
f 1592/1592/1592 1581/1581/1581 1579/1579/1579
f 1592/1592/1592 1594/1594/1594 1581/1581/1581
f 1592/1592/1592 1591/1591/1591 1594/1594/1594
f 1587/1587/1587 1594/1594/1594 1591/1591/1591
f 1594/1594/1594 1587/1587/1587 1586/1586/1586
f 1594/1594/1594 1586/1586/1586 1582/1582/1582
f 1594/1594/1594 1582/1582/1582 1581/1581/1581
f 1595/1595/1595 1584/1584/1584 1585/1585/1585
f 1596/1596/1596 1584/1584/1584 1595/1595/1595
f 1596/1596/1596 1595/1595/1595 1597/1597/1597
f 1596/1596/1596 1597/1597/1597 1566/1566/1566
f 1598/1598/1598 1596/1596/1596 1599/1599/1599
f 1599/1599/1599 1590/1590/1590 1600/1600/1600
f 1599/1599/1599 1597/1597/1597 1590/1590/1590
f 1597/1597/1597 1589/1589/1589 1590/1590/1590
f 1597/1597/1597 1595/1595/1595 1589/1589/1589
f 1595/1595/1595 1588/1588/1588 1589/1589/1589
f 1588/1588/1588 1595/1595/1595 1585/1585/1585
f 1583/1583/1583 1584/1584/1584 1578/1578/1578
f 1577/1577/1577 1583/1583/1583 1578/1578/1578
f 1577/1577/1577 1580/1580/1580 1583/1583/1583
f 1601/1601/1601 1602/1602/1602 1603/1603/1603
f 1603/1603/1603 1602/1602/1602 1604/1604/1604
f 1605/1605/1605 1606/1606/1606 1607/1607/1607
f 1608/1608/1608 1605/1605/1605 1607/1607/1607
f 1608/1608/1608 1609/1609/1609 1605/1605/1605
f 1605/1605/1605 1609/1609/1609 1610/1610/1610
f 1611/1611/1611 1610/1610/1610 1609/1609/1609
f 1612/1612/1612 1611/1611/1611 1609/1609/1609
f 1613/1613/1613 1614/1614/1614 1615/1615/1615
f 1614/1614/1614 1616/1616/1616 1615/1615/1615
f 1617/1617/1617 1618/1618/1618 1619/1619/1619
f 1619/1619/1619 1620/1620/1620 1617/1617/1617
f 1621/1621/1621 1620/1620/1620 1619/1619/1619
f 1621/1621/1621 1622/1622/1622 1620/1620/1620
f 1623/1623/1623 1622/1622/1622 1621/1621/1621
f 1624/1624/1624 1622/1622/1622 1623/1623/1623
f 1624/1624/1624 1623/1623/1623 1625/1625/1625
f 1624/1624/1624 1625/1625/1625 1626/1626/1626
f 1627/1627/1627 1626/1626/1626 1625/1625/1625
f 1628/1628/1628 1626/1626/1626 1627/1627/1627
f 1628/1628/1628 1627/1627/1627 1629/1629/1629
f 1629/1629/1629 1627/1627/1627 1630/1630/1630
f 1629/1629/1629 1630/1630/1630 1631/1631/1631
f 1629/1629/1629 1631/1631/1631 1632/1632/1632
f 1632/1632/1632 1631/1631/1631 1633/1633/1633
f 1631/1631/1631 1634/1634/1634 1633/1633/1633
f 1630/1630/1630 1634/1634/1634 1631/1631/1631
f 1635/1635/1635 1634/1634/1634 1630/1630/1630
f 1627/1627/1627 1635/1635/1635 1630/1630/1630
f 1627/1627/1627 1625/1625/1625 1635/1635/1635
f 1621/1621/1621 1635/1635/1635 1625/1625/1625
f 1625/1625/1625 1623/1623/1623 1621/1621/1621
f 1621/1621/1621 1619/1619/1619 1635/1635/1635
f 1635/1635/1635 1619/1619/1619 1636/1636/1636
f 1636/1636/1636 1634/1634/1634 1635/1635/1635
f 1636/1636/1636 1637/1637/1637 1634/1634/1634
f 1637/1637/1637 1636/1636/1636 1618/1618/1618
f 1618/1618/1618 1636/1636/1636 1619/1619/1619
f 1638/1638/1638 1639/1639/1639 1640/1640/1640
f 1639/1639/1639 1641/1641/1641 1640/1640/1640
f 1642/1642/1642 1641/1641/1641 1639/1639/1639
f 1643/1643/1643 1641/1641/1641 1642/1642/1642
f 1643/1643/1643 1644/1644/1644 1641/1641/1641
f 1641/1641/1641 1644/1644/1644 1645/1645/1645
f 1646/1646/1646 1641/1641/1641 1645/1645/1645
f 1647/1647/1647 1641/1641/1641 1646/1646/1646
f 1647/1647/1647 1640/1640/1640 1641/1641/1641
f 1640/1640/1640 1647/1647/1647 1648/1648/1648
f 1637/1637/1637 1633/1633/1633 1634/1634/1634
f 1649/1649/1649 1650/1650/1650 1651/1651/1651
f 1650/1650/1650 1649/1649/1649 1652/1652/1652
f 1653/1653/1653 1650/1650/1650 1652/1652/1652
f 1653/1653/1653 1652/1652/1652 1654/1654/1654
f 1655/1655/1655 1653/1653/1653 1654/1654/1654
f 1656/1656/1656 1655/1655/1655 1654/1654/1654
f 1656/1656/1656 1657/1657/1657 1655/1655/1655
f 1656/1656/1656 1658/1658/1658 1657/1657/1657
f 1659/1659/1659 1657/1657/1657 1658/1658/1658
f 1660/1660/1660 1659/1659/1659 1658/1658/1658
f 1660/1660/1660 1661/1661/1661 1659/1659/1659
f 1661/1661/1661 1662/1662/1662 1659/1659/1659
f 1661/1661/1661 1663/1663/1663 1662/1662/1662
f 1661/1661/1661 1664/1664/1664 1663/1663/1663
f 1664/1664/1664 1665/1665/1665 1663/1663/1663
f 1663/1663/1663 1665/1665/1665 1666/1666/1666
f 1662/1662/1662 1663/1663/1663 1666/1666/1666
f 1667/1667/1667 1662/1662/1662 1666/1666/1666
f 1659/1659/1659 1662/1662/1662 1667/1667/1667
f 1659/1659/1659 1667/1667/1667 1657/1657/1657
f 1653/1653/1653 1657/1657/1657 1667/1667/1667
f 1657/1657/1657 1653/1653/1653 1655/1655/1655
f 1653/1653/1653 1667/1667/1667 1650/1650/1650
f 1667/1667/1667 1668/1668/1668 1650/1650/1650
f 1668/1668/1668 1667/1667/1667 1666/1666/1666
f 1668/1668/1668 1666/1666/1666 1669/1669/1669
f 1669/1669/1669 1651/1651/1651 1668/1668/1668
f 1651/1651/1651 1650/1650/1650 1668/1668/1668
f 1670/1670/1670 1671/1671/1671 1672/1672/1672
f 1672/1672/1672 1671/1671/1671 1673/1673/1673
f 1674/1674/1674 1672/1672/1672 1673/1673/1673
f 1675/1675/1675 1674/1674/1674 1673/1673/1673
f 1675/1675/1675 1673/1673/1673 1676/1676/1676
f 1673/1673/1673 1677/1677/1677 1676/1676/1676
f 1678/1678/1678 1677/1677/1677 1673/1673/1673
f 1679/1679/1679 1678/1678/1678 1673/1673/1673
f 1679/1679/1679 1673/1673/1673 1671/1671/1671
f 1671/1671/1671 1680/1680/1680 1679/1679/1679
f 1669/1669/1669 1666/1666/1666 1665/1665/1665
